Id,IdCentrale,Classe
1ux8,ux,a.1.1.1
1dlw,dl,a.1.1.1
1uvy,uv,a.1.1.1
1dly,dl,a.1.1.1
1uvx,uv,a.1.1.1
2gkm,gk,a.1.1.1
2gl3,gl,a.1.1.1
1idr,id,a.1.1.1
1rte,rt,a.1.1.1
2gln,gl,a.1.1.1
2gkn,gk,a.1.1.1
1s56,s5,a.1.1.1
1s61,s6,a.1.1.1
1ngk,ng,a.1.1.1
2qrw,qr,a.1.1.1
1s69,s6,a.1.1.1
1s6a,s6,a.1.1.1
2hz1,hz,a.1.1.1
2hz3,hz,a.1.1.1
1rtx,rt,a.1.1.1
2hz2,hz,a.1.1.1
1mwb,mw,a.1.1.1
5v3t,v3,a.1.1.1
5v3v,v3,a.1.1.1
5v3u,v3,a.1.1.1
2bkm,bk,a.1.1.1
4i0v,i0,a.1.1.1
4max,ma,a.1.1.1
4l2m,l2,a.1.1.1
2ksc,ks,a.1.1.1
2bmm,bm,a.1.1.1
1ash,as,a.1.1.2
1vhb,vh,a.1.1.2
4vhb,vh,a.1.1.2
2vhb,vh,a.1.1.2
3tm3,tm,a.1.1.2
3tm9,tm,a.1.1.2
3tld,tl,a.1.1.2
3vhb,vh,a.1.1.2
1ch4,ch,a.1.1.2
2dc3,dc,a.1.1.2
1ut0,ut,a.1.1.2
1ux9,ux,a.1.1.2
1ury,ur,a.1.1.2
1urv,ur,a.1.1.2
3ag0,ag,a.1.1.2
1v5h,v5,a.1.1.2
1umo,um,a.1.1.2
4hsw,hs,a.1.1.2
3lb2,lb,a.1.1.2
3kuo,ku,a.1.1.2
4hsx,hs,a.1.1.2
3kun,ku,a.1.1.2
4gzg,gz,a.1.1.2
4fh6,fh,a.1.1.2
5v5r,v5,a.1.1.2
3dr9,dr,a.1.1.2
3k3u,k3,a.1.1.2
4dwu,dw,a.1.1.2
3oj1,oj,a.1.1.2
3mym,my,a.1.1.2
3mou,mo,a.1.1.2
3lb1,lb,a.1.1.2
1ew6,ew,a.1.1.2
4kmv,km,a.1.1.2
4kjt,kj,a.1.1.2
3lb3,lb,a.1.1.2
3lb4,lb,a.1.1.2
3o7n,o7,a.1.1.2
4ilz,il,a.1.1.2
2qfk,qf,a.1.1.2
2qfn,qf,a.1.1.2
4fh7,fh,a.1.1.2
3ok5,ok,a.1.1.2
4kmw,km,a.1.1.2
4jyq,jy,a.1.1.2
1ewa,ew,a.1.1.2
3ord,or,a.1.1.2
3myn,my,a.1.1.2
4dwt,dw,a.1.1.2
1eco,ec,a.1.1.2
1ecd,ec,a.1.1.2
1eca,ec,a.1.1.2
1ecn,ec,a.1.1.2
1x9f,x9,a.1.1.2
2gtl,gt,a.1.1.2
1cqx,cq,a.1.1.2
1gvh,gv,a.1.1.2
1jl7,jl,a.1.1.2
1jl6,jl,a.1.1.2
1jf4,jf,a.1.1.2
1jf3,jf,a.1.1.2
1hbg,hb,a.1.1.2
2hbg,hb,a.1.1.2
1vrf,vr,a.1.1.2
1vre,vr,a.1.1.2
1it2,it,a.1.1.2
1it3,it,a.1.1.2
1or4,or,a.1.1.2
1or6,or,a.1.1.2
1ith,it,a.1.1.2
3g46,g4,a.1.1.2
2z8a,z8,a.1.1.2
4hrr,hr,a.1.1.2
2av0,av,a.1.1.2
4hrt,hr,a.1.1.2
2auo,au,a.1.1.2
1jzl,jz,a.1.1.2
4hbi,hb,a.1.1.2
7hbi,hb,a.1.1.2
5hbi,hb,a.1.1.2
3g4r,g4,a.1.1.2
3g4q,g4,a.1.1.2
1hbi,hb,a.1.1.2
2hbi,hb,a.1.1.2
3g4y,g4,a.1.1.2
3g52,g5,a.1.1.2
3sdh,sd,a.1.1.2
6hbi,hb,a.1.1.2
1jzm,jz,a.1.1.2
2grh,gr,a.1.1.2
3g4w,g4,a.1.1.2
2z85,z8,a.1.1.2
2grz,gr,a.1.1.2
2r4z,r4,a.1.1.2
4sdh,sd,a.1.1.2
3g53,g5,a.1.1.2
1jzk,jz,a.1.1.2
3qob,qo,a.1.1.2
2av3,av,a.1.1.2
1jwn,jw,a.1.1.2
2r4w,r4,a.1.1.2
1nxf,nx,a.1.1.2
2r4y,r4,a.1.1.2
3g4u,g4,a.1.1.2
2r4x,r4,a.1.1.2
3g4v,g4,a.1.1.2
1nwi,nw,a.1.1.2
1nwn,nw,a.1.1.2
1b0b,b0,a.1.1.2
1flp,fl,a.1.1.2
1ebt,eb,a.1.1.2
1moh,mo,a.1.1.2
1wmu,wm,a.1.1.2
2z6n,z6,a.1.1.2
1v75,v7,a.1.1.2
3d1k,d1,a.1.1.2
2aa1,aa,a.1.1.2
1la6,la,a.1.1.2
3nfe,nf,a.1.1.2
3ng6,ng,a.1.1.2
5lfg,lf,a.1.1.2
1t1n,t1,a.1.1.2
1a4f,a4,a.1.1.2
1c0h,c0,a.1.1.2
1c40,c4,a.1.1.2
1hv4,hv,a.1.1.2
1v4x,v4,a.1.1.2
1v4w,v4,a.1.1.2
1v4u,v4,a.1.1.2
1cg5,cg,a.1.1.2
1cg8,cg,a.1.1.2
1hbr,hb,a.1.1.2
2qss,qs,a.1.1.2
2qsp,qs,a.1.1.2
6ihx,ih,a.1.1.2
1g08,g0,a.1.1.2
3pia,pi,a.1.1.2
1g0a,g0,a.1.1.2
1g09,g0,a.1.1.2
3pi8,pi,a.1.1.2
1fsx,fs,a.1.1.2
1hda,hd,a.1.1.2
3pi9,pi,a.1.1.2
3ciu,ci,a.1.1.2
1hds,hd,a.1.1.2
3pel,pe,a.1.1.2
3n48,n4,a.1.1.2
3gou,go,a.1.1.2
1s0h,s0,a.1.1.2
2b7h,b7,a.1.1.2
2h8f,h8,a.1.1.2
3gkv,gk,a.1.1.2
3gqg,gq,a.1.1.2
2h8d,h8,a.1.1.2
2peg,pe,a.1.1.2
4odc,od,a.1.1.2
1s5x,s5,a.1.1.2
1pbx,pb,a.1.1.2
4iro,ir,a.1.1.2
1hbh,hb,a.1.1.2
1s5y,s5,a.1.1.2
4g51,g5,a.1.1.2
1spg,sp,a.1.1.2
1faw,fa,a.1.1.2
2d5x,d5,a.1.1.2
1iwh,iw,a.1.1.2
1g0b,g0,a.1.1.2
2zlt,zl,a.1.1.2
1ns9,ns,a.1.1.2
5c6e,c6,a.1.1.2
2mhb,mh,a.1.1.2
1y8k,y8,a.1.1.2
1ibe,ib,a.1.1.2
6sva,sv,a.1.1.2
1y8i,y8,a.1.1.2
2zlv,zl,a.1.1.2
2zlu,zl,a.1.1.2
1ns6,ns,a.1.1.2
6r2o,r2,a.1.1.2
1y8h,y8,a.1.1.2
2zlx,zl,a.1.1.2
2zlw,zl,a.1.1.2
2dhb,dh,a.1.1.2
1gcv,gc,a.1.1.2
1gcw,gc,a.1.1.2
2dfq,df,a.1.1.2
2dfo,df,a.1.1.2
1j40,j4,a.1.1.2
1j41,j4,a.1.1.2
2d5z,d5,a.1.1.2
1uiw,ui,a.1.1.2
1bab,ba,a.1.1.2
3s66,s6,a.1.1.2
1j3y,j3,a.1.1.2
1bz0,bz,a.1.1.2
3qjd,qj,a.1.1.2
1j3z,j3,a.1.1.2
3nmm,nm,a.1.1.2
2dn3,dn,a.1.1.2
2dn1,dn,a.1.1.2
1ird,ir,a.1.1.2
2dn2,dn,a.1.1.2
1bzz,bz,a.1.1.2
1bz1,bz,a.1.1.2
1j7y,j7,a.1.1.2
7jy3,jy,a.1.1.2
1thb,th,a.1.1.2
1dxv,dx,a.1.1.2
1dxu,dx,a.1.1.2
1dxt,dx,a.1.1.2
2hhb,hh,a.1.1.2
4mqg,mq,a.1.1.2
6hk2,hk,a.1.1.2
1qsh,qs,a.1.1.2
1a3n,a3,a.1.1.2
3qjb,qj,a.1.1.2
7jy1,jy,a.1.1.2
1bbb,bb,a.1.1.2
1qsi,qs,a.1.1.2
6kao,ka,a.1.1.2
1sdl,sd,a.1.1.2
6ka9,ka,a.1.1.2
6lcx,lc,a.1.1.2
6lcw,lc,a.1.1.2
7jy0,jy,a.1.1.2
1o1o,o1,a.1.1.2
1sdk,sd,a.1.1.2
1qi8,qi,a.1.1.2
1shr,sh,a.1.1.2
1a01,a0,a.1.1.2
3hhb,hh,a.1.1.2
1a3o,a3,a.1.1.2
1ye2,ye,a.1.1.2
1k0y,k0,a.1.1.2
1xz2,xz,a.1.1.2
6l5v,l5,a.1.1.2
6kap,ka,a.1.1.2
6kae,ka,a.1.1.2
6kai,ka,a.1.1.2
6kah,ka,a.1.1.2
2d60,d6,a.1.1.2
1rq3,rq,a.1.1.2
3qje,qj,a.1.1.2
1vwt,vw,a.1.1.2
1xz7,xz,a.1.1.2
6l5w,l5,a.1.1.2
3d7o,d7,a.1.1.2
6kaq,ka,a.1.1.2
1abw,ab,a.1.1.2
1abw,ab,a.1.1.2
1y4v,y4,a.1.1.2
1cls,cl,a.1.1.2
4mqi,mq,a.1.1.2
1a00,a0,a.1.1.2
3oo4,oo,a.1.1.2
1buw,bu,a.1.1.2
3qjc,qj,a.1.1.2
1y45,y4,a.1.1.2
1hbb,hb,a.1.1.2
1y4g,y4,a.1.1.2
1xxt,xx,a.1.1.2
3dut,du,a.1.1.2
1y4f,y4,a.1.1.2
1xz4,xz,a.1.1.2
1kd2,kd,a.1.1.2
1a0z,a0,a.1.1.2
6kar,ka,a.1.1.2
1y83,y8,a.1.1.2
1y4p,y4,a.1.1.2
2giy,gi,b.1.1.1
2aw2,aw,b.1.1.1
1l6z,l6,b.1.1.1
1rjc,rj,b.1.1.1
1xfp,xf,b.1.1.1
1mvf,mv,b.1.1.1
1ri8,ri,b.1.1.1
1zvh,zv,b.1.1.1
1zvy,zv,b.1.1.1
1op9,op,b.1.1.1
1jtp,jt,b.1.1.1
1zv5,zv,b.1.1.1
1jtt,jt,b.1.1.1
1zmy,zm,b.1.1.1
1jto,jt,b.1.1.1
1mel,me,b.1.1.1
1sjv,sj,b.1.1.1
1hcv,hc,b.1.1.1
1i3u,i3,b.1.1.1
1i3v,i3,b.1.1.1
1qd0,qd,b.1.1.1
1g9e,g9,b.1.1.1
1ieh,ie,b.1.1.1
1hnf,hn,b.1.1.1
1qa9,qa,b.1.1.1
1cdb,cd,b.1.1.1
1gya,gy,b.1.1.1
1hng,hn,b.1.1.1
1a6p,a6,b.1.1.1
1a64,a6,b.1.1.1
1cdc,cd,b.1.1.1
1a7b,a7,b.1.1.1
1ccz,cc,b.1.1.1
1ci5,ci,b.1.1.1
3o2d,o2,b.1.1.1
1cdy,cd,b.1.1.1
3cd4,cd,b.1.1.1
1cdu,cd,b.1.1.1
1cdj,cd,b.1.1.1
1cdh,cd,b.1.1.1
1cdi,cd,b.1.1.1
1wio,wi,b.1.1.1
1wio,wi,b.1.1.1
1wip,wi,b.1.1.1
1wip,wi,b.1.1.1
1wiq,wi,b.1.1.1
1wiq,wi,b.1.1.1
1cid,ci,b.1.1.1
1cd8,cd,b.1.1.1
2atp,at,b.1.1.1
3b9k,b9,b.1.1.1
1dr9,dr,b.1.1.1
1i8l,i8,b.1.1.1
5yxk,yx,b.1.1.1
1ncn,nc,b.1.1.1
1i85,i8,b.1.1.1
1f5w,f5,b.1.1.1
1eaj,ea,b.1.1.1
2w9l,w9,b.1.1.1
1rsf,rs,b.1.1.1
1jma,jm,b.1.1.1
1l2g,l2,b.1.1.1
1ohq,oh,b.1.1.1
1ol0,ol,b.1.1.1
1bvl,bv,b.1.1.1
1vhp,vh,b.1.1.1
1rzg,rz,b.1.1.1
2g75,g7,b.1.1.1
1ub5,ub,b.1.1.1
1ub6,ub,b.1.1.1
1fl3,fl,b.1.1.1
1il1,il,b.1.1.1
1dzb,dz,b.1.1.1
1qok,qo,b.1.1.1
1moe,mo,b.1.1.1
2ih3,ih,b.1.1.1
1nqb,nq,b.1.1.1
1h8n,h8,b.1.1.1
1k4c,k4,b.1.1.1
2p7t,p7,b.1.1.1
1k4d,k4,b.1.1.1
2hvk,hv,b.1.1.1
3stl,st,b.1.1.1
2ih1,ih,b.1.1.1
2dwe,dw,b.1.1.1
2dwd,dw,b.1.1.1
4msw,ms,b.1.1.1
3stz,st,b.1.1.1
1zwi,zw,b.1.1.1
2atk,at,b.1.1.1
1lmk,lm,b.1.1.1
4uuj,uu,b.1.1.1
2w0f,w0,b.1.1.1
2jk5,jk,b.1.1.1
5vkh,vk,b.1.1.1
5vk6,vk,b.1.1.1
5ebl,eb,b.1.1.1
5ec2,ec,b.1.1.1
3or7,or,b.1.1.1
3gb7,gb,b.1.1.1
2hjf,hj,b.1.1.1
5vke,vk,b.1.1.1
1h8s,h8,b.1.1.1
3fb5,fb,b.1.1.1
4lcu,lc,b.1.1.1
4lbe,lb,b.1.1.1
2itd,it,b.1.1.1
5ec1,ec,b.1.1.1
3or6,or,b.1.1.1
2hvj,hv,b.1.1.1
3iga,ig,b.1.1.1
1h8o,h8,b.1.1.1
2bob,bo,b.1.1.1
1svz,sv,b.1.1.1
1jp5,jp,b.1.1.1
2imn,im,b.1.1.1
1u8i,u8,b.1.1.1
1u8h,u8,b.1.1.1
3idi,id,b.1.1.1
1u95,u9,b.1.1.1
1u8k,u8,b.1.1.1
1u8j,u8,b.1.1.1
1u92,u9,b.1.1.1
1u91,u9,b.1.1.1
3idg,id,b.1.1.1
1u8q,u8,b.1.1.1
1u8m,u8,b.1.1.1
1ivl,iv,b.1.1.1
1ad0,ad,b.1.1.1
1u8n,u8,b.1.1.1
1t3f,t3,b.1.1.1
1u93,u9,b.1.1.1
1u8l,u8,b.1.1.1
1tzh,tz,b.1.1.1
3idm,id,b.1.1.1
1fvc,fv,b.1.1.1
3idj,id,b.1.1.1
1jv5,jv,b.1.1.1
3idn,id,b.1.1.1
1ad9,ad,b.1.1.1
1n8z,n8,b.1.1.1
1u8o,u8,b.1.1.1
1bvk,bv,b.1.1.1
1tzi,tz,b.1.1.1
1u8p,u8,b.1.1.1
1fvd,fv,b.1.1.1
1fve,fv,b.1.1.1
6mh2,mh,b.1.1.1
1t04,t0,b.1.1.1
1rjl,rj,b.1.1.1
1uj3,uj,b.1.1.1
1xgu,xg,b.1.1.1
1bww,bw,b.1.1.1
1wtl,wt,b.1.1.1
1bre,br,b.1.1.1
1b0w,b0,b.1.1.1
1rei,re,b.1.1.1
1qp1,qp,b.1.1.1
1b6d,b6,b.1.1.1
1hez,he,b.1.1.1
1dee,de,b.1.1.1
1rzi,rz,b.1.1.1
1ar2,ar,b.1.1.1
1eeq,ee,b.1.1.1
1eeu,ee,b.1.1.1
1efq,ef,b.1.1.1
3lve,lv,b.1.1.1
1lve,lv,b.1.1.1
4lve,lv,b.1.1.1
1qac,qa,b.1.1.1
1ek3,ek,b.1.1.1
5lve,lv,b.1.1.1
2lve,lv,b.1.1.1
1iqd,iq,b.1.1.1
1dn0,dn,b.1.1.1
1qlr,ql,b.1.1.1
1rhh,rh,b.1.1.1
1y0l,y0,b.1.1.1
3dvg,dv,b.1.1.1
3dvn,dv,b.1.1.1
1rz8,rz,b.1.1.1
3cfk,cf,b.1.1.1
1y18,y1,b.1.1.1
2qr0,qr,b.1.1.1
1pz5,pz,b.1.1.1
1nqb,nq,b.1.1.1
1svz,sv,b.1.1.1
1mh5,mh,b.1.1.1
1fl5,fl,b.1.1.1
1a4j,a4,b.1.1.1
2pcp,pc,b.1.1.1
1igj,ig,b.1.1.1
1m7d,m7,b.1.1.1
1a4k,a4,b.1.1.1
1mjj,mj,b.1.1.1
1nd0,nd,b.1.1.1
1lmk,lm,b.1.1.1
3eyv,ey,b.1.1.1
1m7i,m7,b.1.1.1
1jp5,jp,b.1.1.1
1fl6,fl,b.1.1.1
1m71,m7,b.1.1.1
1yed,ye,b.1.1.1
1bln,bl,b.1.1.1
1mak,ma,b.1.1.1
1maj,ma,b.1.1.1
1uz8,uz,b.1.1.1
1q9r,q9,b.1.1.1
1q9q,q9,b.1.1.1
3t65,t6,b.1.1.1
3sy0,sy,b.1.1.1
2r2b,r2,b.1.1.1
2r1x,r1,b.1.1.1
2r1y,r1,b.1.1.1
1q9v,q9,b.1.1.1
1mvu,mv,b.1.1.1
1q9t,q9,b.1.1.1
4hgw,hg,b.1.1.1
2r23,r2,b.1.1.1
2imm,im,b.1.1.1
2r1w,r1,b.1.1.1
1q9o,q9,b.1.1.1
3t4y,t4,b.1.1.1
1q9w,q9,b.1.1.1
3t77,t7,b.1.1.1
3bpc,bp,b.1.1.1
1hil,hi,b.1.1.1
1q9k,q9,b.1.1.1
2r2h,r2,b.1.1.1
1q9l,q9,b.1.1.1
1ap2,ap,b.1.1.1
2r2e,r2,b.1.1.1
1mhh,mh,b.1.1.1
43c9,3c,b.1.1.1
43ca,3c,b.1.1.1
1ymh,ym,b.1.1.1
2ap2,ap,b.1.1.1
1pkq,pk,b.1.1.1
1t4k,t4,b.1.1.1
1j05,j0,b.1.1.1
1i7z,i7,b.1.1.1
1h0d,h0,b.1.1.1
32c2,2c,b.1.1.1
1moe,mo,b.1.1.1
2gsi,gs,b.1.1.1
1f11,f1,b.1.1.1
1ors,or,b.1.1.1
1hq4,hq,b.1.1.1
1orq,or,b.1.1.1
1aif,ai,b.1.1.1
1ob1,ob,b.1.1.1
1qok,qo,b.1.1.1
1a6t,a6,b.1.1.1
1a2y,a2,b.1.1.1
1vfa,vf,b.1.1.1
1p7k,p7,b.1.1.1
1vfb,vf,b.1.1.1
1i8k,i8,b.1.1.1
1dqq,dq,b.1.1.1
1nby,nb,b.1.1.1
1kiq,ki,b.1.1.1
1ndg,nd,b.1.1.1
1r3j,r3,b.1.1.1
1nbz,nb,b.1.1.1
1kir,ki,b.1.1.1
1dvf,dv,b.1.1.1
1h8n,h8,b.1.1.1
1p2c,p2,b.1.1.1
1kip,ki,b.1.1.1
2q76,q7,b.1.1.1
6p4b,p4,b.1.1.1
1dqj,dq,b.1.1.1
1ndm,nd,b.1.1.1
1g7j,g7,b.1.1.1
1i8i,i8,b.1.1.1
1s5h,s5,b.1.1.1
1mlb,ml,b.1.1.1
1g7i,g7,b.1.1.1
1ct8,ct,b.1.1.1
1g7h,g7,b.1.1.1
1g7m,g7,b.1.1.1
1r3l,r3,b.1.1.1
1bz7,bz,b.1.1.1
1c08,c0,b.1.1.1
1eap,ea,b.1.1.1
1g7l,g7,b.1.1.1
1dzb,dz,b.1.1.1
1mlc,ml,b.1.1.1
1i8m,i8,b.1.1.1
2dqf,dq,b.1.1.1
1axs,ax,b.1.1.1
1xf2,xf,b.1.1.1
1xf3,xf,b.1.1.1
1r3k,r3,b.1.1.1
1h8s,h8,b.1.1.1
1bog,bo,b.1.1.1
3fct,fc,b.1.1.1
1igt,ig,b.1.1.1
1cfq,cf,b.1.1.1
1cfs,cf,b.1.1.1
2btm,bt,c.1.1.1
1btm,bt,c.1.1.1
1ney,ne,c.1.1.1
1nf0,nf,c.1.1.1
4ff7,ff,c.1.1.1
7tim,ti,c.1.1.1
1ypi,yp,c.1.1.1
1i45,i4,c.1.1.1
2ypi,yp,c.1.1.1
3ypi,yp,c.1.1.1
6ooi,oo,c.1.1.1
4p61,p6,c.1.1.1
1sw0,sw,c.1.1.1
1sw3,sw,c.1.1.1
1tpu,tp,c.1.1.1
1tpv,tp,c.1.1.1
1tpw,tp,c.1.1.1
1sw7,sw,c.1.1.1
1ssd,ss,c.1.1.1
1spq,sp,c.1.1.1
1tim,ti,c.1.1.1
8tim,ti,c.1.1.1
1su5,su,c.1.1.1
1sq7,sq,c.1.1.1
1ssg,ss,c.1.1.1
1m6j,m6,c.1.1.1
1tre,tr,c.1.1.1
4unl,un,c.1.1.1
2jk2,jk,c.1.1.1
4br1,br,c.1.1.1
2vom,vo,c.1.1.1
6upf,up,c.1.1.1
4zvj,zv,c.1.1.1
4unk,un,c.1.1.1
6up1,up,c.1.1.1
6up5,up,c.1.1.1
6up8,up,c.1.1.1
6d43,d4,c.1.1.1
1hti,ht,c.1.1.1
6nlh,nl,c.1.1.1
1wyi,wy,c.1.1.1
6c2g,c2,c.1.1.1
1o5x,o5,c.1.1.1
2vfd,vf,c.1.1.1
3pvf,pv,c.1.1.1
2vff,vf,c.1.1.1
3py2,py,c.1.1.1
1lyx,ly,c.1.1.1
1vga,vg,c.1.1.1
3psv,ps,c.1.1.1
3pwa,pw,c.1.1.1
2vfg,vf,c.1.1.1
3psw,ps,c.1.1.1
2vfh,vf,c.1.1.1
1ydv,yd,c.1.1.1
2vfe,vf,c.1.1.1
5bmx,bm,c.1.1.1
4zz9,zz,c.1.1.1
5bnk,bn,c.1.1.1
4ywi,yw,c.1.1.1
1m7p,m7,c.1.1.1
5bmw,bm,c.1.1.1
2vfi,vf,c.1.1.1
1m7o,m7,c.1.1.1
4yxg,yx,c.1.1.1
1wob,wo,c.1.1.1
5gzp,gz,c.1.1.1
4z0j,z0,c.1.1.1
5gv4,gv,c.1.1.1
1woa,wo,c.1.1.1
1lzo,lz,c.1.1.1
4z0s,z0,c.1.1.1
5brb,br,c.1.1.1
2h6r,h6,c.1.1.1
1mo0,mo,c.1.1.1
1hg3,hg,c.1.1.1
1r2r,r2,c.1.1.1
4owg,ow,c.1.1.1
1r2t,r2,c.1.1.1
1r2s,r2,c.1.1.1
3m9y,m9,c.1.1.1
3uwv,uw,c.1.1.1
3uwu,uw,c.1.1.1
3uwy,uw,c.1.1.1
3uww,uw,c.1.1.1
3uwz,uw,c.1.1.1
1tmh,tm,c.1.1.1
1w0m,w0,c.1.1.1
1b9b,b9,c.1.1.1
1tcd,tc,c.1.1.1
2oma,om,c.1.1.1
1sux,su,c.1.1.1
2v5b,v5,c.1.1.1
1ci1,ci,c.1.1.1
1n55,n5,c.1.1.1
2vxn,vx,c.1.1.1
2y61,y6,c.1.1.1
7az9,az,c.1.1.1
7aza,az,c.1.1.1
7az3,az,c.1.1.1
7az4,az,c.1.1.1
2y62,y6,c.1.1.1
7abx,ab,c.1.1.1
1if2,if,c.1.1.1
1amk,am,c.1.1.1
2y63,y6,c.1.1.1
1qds,qd,c.1.1.1
2j27,j2,c.1.1.1
2v2h,v2,c.1.1.1
1kv5,kv,c.1.1.1
2vek,ve,c.1.1.1
2v2c,v2,c.1.1.1
5tim,ti,c.1.1.1
2wsr,ws,c.1.1.1
4tim,ti,c.1.1.1
1tpf,tp,c.1.1.1
2x1t,x1,c.1.1.1
2x1u,x1,c.1.1.1
2y70,y7,c.1.1.1
2vei,ve,c.1.1.1
2x2g,x2,c.1.1.1
2x1s,x1,c.1.1.1
2x1r,x1,c.1.1.1
2ven,ve,c.1.1.1
2y6z,y6,c.1.1.1
3tim,ti,c.1.1.1
1dkw,dk,c.1.1.1
1tsi,ts,c.1.1.1
2j24,j2,c.1.1.1
2wsq,ws,c.1.1.1
1tpd,tp,c.1.1.1
2x16,x1,c.1.1.1
1tpe,tp,c.1.1.1
1ml1,ml,c.1.1.1
2vem,ve,c.1.1.1
2v0t,v0,c.1.1.1
1iih,ii,c.1.1.1
2v2d,v2,c.1.1.1
2vel,ve,c.1.1.1
1ttj,tt,c.1.1.1
2v5l,v5,c.1.1.1
1tti,tt,c.1.1.1
6tim,ti,c.1.1.1
1trd,tr,c.1.1.1
1iig,ii,c.1.1.1
1mss,ms,c.1.1.1
1tri,tr,c.1.1.1
1aw1,aw,c.1.1.1
1aw2,aw,c.1.1.1
2i9e,i9,c.1.1.1
4y96,y9,c.1.1.1
4poc,po,c.1.1.1
4pod,po,c.1.1.1
5cg7,cg,c.1.1.1
5zg5,zg,c.1.1.1
5zfx,zf,c.1.1.1
5zg4,zg,c.1.1.1
5zga,zg,c.1.1.1
5eyw,ey,c.1.1.1
3th6,th,c.1.1.1
6jox,jo,c.1.1.1
2x0m,x0,c.1.1.1
4pc8,pc,c.1.1.1
5i3f,i3,c.1.1.1
5i3j,i3,c.1.1.1
5i3g,i3,c.1.1.1
5i3i,i3,c.1.1.1
5i3k,i3,c.1.1.1
5i3h,i3,c.1.1.1
4pcf,pc,c.1.1.1
3q37,q3,c.1.1.1
3kxq,kx,c.1.1.0
4nvt,nv,c.1.1.0
4g1k,g1,c.1.1.0
4y8f,y8,c.1.1.0
3krs,kr,c.1.1.0
4y90,y9,c.1.1.0
4iot,io,c.1.1.0
6r8h,r8,c.1.1.0
5ujw,uj,c.1.1.0
2yc6,yc,c.1.1.0
4bi6,bi,c.1.1.0
2yc7,yc,c.1.1.0
4bi7,bi,c.1.1.0
2dp3,dp,c.1.1.0
3pf3,pf,c.1.1.0
4bi5,bi,c.1.1.0
2yc8,yc,c.1.1.0
4mkn,mk,c.1.1.0
2jgq,jg,c.1.1.0
4gnj,gn,c.1.1.0
4ymz,ym,c.1.1.0
4x22,x2,c.1.1.0
6cg9,cg,c.1.1.0
3gvg,gv,c.1.1.0
3ta6,ta,c.1.1.0
3tao,ta,c.1.1.0
4y9a,y9,c.1.1.0
6bve,bv,c.1.1.0
6oog,oo,c.1.1.0
6nxy,nx,c.1.1.0
6nxr,nx,c.1.1.0
6nxs,nx,c.1.1.0
6nxx,nx,c.1.1.0
4obt,ob,c.1.1.0
6nxw,nx,c.1.1.0
6nxq,nx,c.1.1.0
4ohq,oh,c.1.1.0
5csr,cs,c.1.1.0
5css,cs,c.1.1.0
5upr,up,c.1.1.0
4o4v,o4,c.1.1.0
4wje,wj,c.1.1.0
4o57,o5,c.1.1.0
5vwn,vw,c.1.1.0
3qst,qs,c.1.1.0
4rcx,rc,c.1.1.0
4o54,o5,c.1.1.0
4o52,o5,c.1.1.0
4o50,o5,c.1.1.0
4o53,o5,c.1.1.0
3qsr,qs,c.1.1.0
4o4w,o4,c.1.1.0
4hhp,hh,c.1.1.0
4jeq,je,c.1.1.0
1jvn,jv,c.1.2.1
1ox6,ox,c.1.2.1
1ox5,ox,c.1.2.1
1ox4,ox,c.1.2.1
1h5y,h5,c.1.2.1
1vh7,vh,c.1.2.1
7ac8,ac,c.1.2.1
6ymu,ym,c.1.2.1
5tql,tq,c.1.2.1
2ck9,ck,c.1.2.1
1gpw,gp,c.1.2.1
3zr4,zr,c.1.2.1
6ru0,ru,c.1.2.1
6vdg,vd,c.1.2.1
6rtz,rt,c.1.2.1
1vzw,vz,c.1.2.1
1qo2,qo,c.1.2.1
2cff,cf,c.1.2.1
4x2r,x2,c.1.2.1
4wd0,wd,c.1.2.1
4axk,ax,c.1.2.1
2y88,y8,c.1.2.1
3zs4,zs,c.1.2.1
2y85,y8,c.1.2.1
2y89,y8,c.1.2.1
5dn1,dn,c.1.2.1
2vep,ve,c.1.2.1
2x30,x3,c.1.2.1
4w9t,w9,c.1.2.1
4x9s,x9,c.1.2.1
4u28,u2,c.1.2.1
4tx9,tx,c.1.2.1
2a0n,a0,c.1.2.1
2w79,w7,c.1.2.1
2wjz,wj,c.1.2.1
1tqx,tq,c.1.2.2
1rpx,rp,c.1.2.2
1h1y,h1,c.1.2.2
1h1z,h1,c.1.2.2
2fli,fl,c.1.2.2
1tqj,tq,c.1.2.2
1q6o,q6,c.1.2.3
1xby,xb,c.1.2.3
1xbv,xb,c.1.2.3
1kv8,kv,c.1.2.3
1so4,so,c.1.2.3
1xbx,xb,c.1.2.3
1so5,so,c.1.2.3
1so3,so,c.1.2.3
1so6,so,c.1.2.3
1kw1,kw,c.1.2.3
1q6q,q6,c.1.2.3
1q6r,q6,c.1.2.3
1xbz,xb,c.1.2.3
1q6l,q6,c.1.2.3
3exr,ex,c.1.2.3
3exs,ex,c.1.2.3
3ext,ex,c.1.2.3
1dbt,db,c.1.2.3
1dqw,dq,c.1.2.3
1dqx,dq,c.1.2.3
1eix,ei,c.1.2.3
1l2u,l2,c.1.2.3
1jjk,jj,c.1.2.3
1km4,km,c.1.2.3
1km3,km,c.1.2.3
1km5,km,c.1.2.3
1kly,kl,c.1.2.3
1km6,km,c.1.2.3
1klz,kl,c.1.2.3
1km2,km,c.1.2.3
1km1,km,c.1.2.3
1km0,km,c.1.2.3
1dv7,dv,c.1.2.3
1dvj,dv,c.1.2.3
1a2p,a2,d.1.1.2
2c4b,c4,d.1.1.2
2za4,za,d.1.1.2
1b2s,b2,d.1.1.2
3kch,kc,d.1.1.2
1bri,br,d.1.1.2
1brk,br,d.1.1.2
1brh,br,d.1.1.2
1x1y,x1,d.1.1.2
2f5m,f5,d.1.1.2
1brj,br,d.1.1.2
1bnf,bn,d.1.1.2
1bnj,bn,d.1.1.2
1bng,bn,d.1.1.2
1bne,bn,d.1.1.2
1yvs,yv,d.1.1.2
1b27,b2,d.1.1.2
1b20,b2,d.1.1.2
1x1w,x1,d.1.1.2
1bni,bn,d.1.1.2
1rnb,rn,d.1.1.2
1b2u,b2,d.1.1.2
1x1x,x1,d.1.1.2
1x1u,x1,d.1.1.2
1b2x,b2,d.1.1.2
2f56,f5,d.1.1.2
2f5w,f5,d.1.1.2
1bgs,bg,d.1.1.2
1b21,b2,d.1.1.2
1brs,br,d.1.1.2
1bsc,bs,d.1.1.2
1bsb,bs,d.1.1.2
1bsa,bs,d.1.1.2
1b2z,b2,d.1.1.2
1bse,bs,d.1.1.2
1bns,bn,d.1.1.2
1b3s,b3,d.1.1.2
2f4y,f4,d.1.1.2
1bao,ba,d.1.1.2
1brg,br,d.1.1.2
1ban,ba,d.1.1.2
1bsd,bs,d.1.1.2
1fw7,fw,d.1.1.2
2kf5,kf,d.1.1.2
2kf4,kf,d.1.1.2
2kf6,kf,d.1.1.2
2kf3,kf,d.1.1.2
1bnr,bn,d.1.1.2
1gov,go,d.1.1.2
1gou,go,d.1.1.2
2rbi,rb,d.1.1.2
1goy,go,d.1.1.2
1buj,bu,d.1.1.2
1mgr,mg,d.1.1.2
1mgw,mg,d.1.1.2
1pyl,py,d.1.1.2
1py3,py,d.1.1.2
1t2h,t2,d.1.1.2
1t2i,t2,d.1.1.2
1rgg,rg,d.1.1.2
1i8v,i8,d.1.1.2
1lni,ln,d.1.1.2
1rgh,rg,d.1.1.2
1rge,rg,d.1.1.2
1rgf,rg,d.1.1.2
1i70,i7,d.1.1.2
1box,bo,d.1.1.2
1ay7,ay,d.1.1.2
1uci,uc,d.1.1.2
1rsn,rs,d.1.1.2
1uck,uc,d.1.1.2
1ucl,uc,d.1.1.2
1ucj,uc,d.1.1.2
1gmp,gm,d.1.1.2
1gmr,gm,d.1.1.2
1gmq,gm,d.1.1.2
1sar,sa,d.1.1.2
2sar,sa,d.1.1.2
1c54,c5,d.1.1.2
6pqk,pq,d.1.1.2
4haa,ha,d.1.1.2
4gho,gh,d.1.1.2
4j5k,j5,d.1.1.2
4j5g,j5,d.1.1.2
3a5e,a5,d.1.1.2
3d5g,d5,d.1.1.2
3dgy,dg,d.1.1.2
3d5i,d5,d.1.1.2
3d4a,d4,d.1.1.2
3dh2,dh,d.1.1.2
1de3,de,d.1.1.3
1r4y,r4,d.1.1.3
1aqz,aq,d.1.1.3
1jbs,jb,d.1.1.3
1jbr,jb,d.1.1.3
1jbt,jb,d.1.1.3
1fus,fu,d.1.1.4
1fut,fu,d.1.1.4
1rcl,rc,d.1.1.4
1rck,rc,d.1.1.4
1rds,rd,d.1.1.4
1rms,rm,d.1.1.4
1hz1,hz,d.1.1.4
1i0v,i0,d.1.1.4
1lov,lo,d.1.1.4
1loy,lo,d.1.1.4
4gsp,gs,d.1.1.4
1i0x,i0,d.1.1.4
2gsp,gs,d.1.1.4
1i3i,i3,d.1.1.4
5bu4,bu,d.1.1.4
1q9e,q9,d.1.1.4
1fzu,fz,d.1.1.4
5gsp,gs,d.1.1.4
3syu,sy,d.1.1.4
1i2g,i2,d.1.1.4
3gsp,gs,d.1.1.4
1i2e,i2,d.1.1.4
1g02,g0,d.1.1.4
2hoh,ho,d.1.1.4
1rhl,rh,d.1.1.4
1bvi,bv,d.1.1.4
3hoh,ho,d.1.1.4
3bu4,bu,d.1.1.4
1bu4,bu,d.1.1.4
3bir,bi,d.1.1.4
9rnt,rn,d.1.1.4
1i2f,i2,d.1.1.4
5hoh,ho,d.1.1.4
1det,de,d.1.1.4
1fys,fy,d.1.1.4
1low,lo,d.1.1.4
2bu4,bu,d.1.1.4
1gsp,gs,d.1.1.4
4hoh,ho,d.1.1.4
1tto,tt,d.1.1.4
1hyf,hy,d.1.1.4
1rga,rg,d.1.1.4
6gsp,gs,d.1.1.4
4bir,bi,d.1.1.4
1ch0,ch,d.1.1.4
1i3f,i3,d.1.1.4
4bu4,bu,d.1.1.4
8rnt,rn,d.1.1.4
1bir,bi,d.1.1.4
2aae,aa,d.1.1.4
2rnt,rn,d.1.1.4
6rnt,rn,d.1.1.4
1rn4,rn,d.1.1.4
3rnt,rn,d.1.1.4
1rn1,rn,d.1.1.4
1rgk,rg,d.1.1.4
2bir,bi,d.1.1.4
7rnt,rn,d.1.1.4
1rls,rl,d.1.1.4
1lra,lr,d.1.1.4
1rnt,rn,d.1.1.4
1rgl,rg,d.1.1.4
7gsp,gs,d.1.1.4
5bir,bi,d.1.1.4
1rgc,rg,d.1.1.4
2aad,aa,d.1.1.4
1b2m,b2,d.1.1.4
4rnt,rn,d.1.1.4
3urp,ur,d.1.1.4
1trq,tr,d.1.1.4
1trp,tr,d.1.1.4
5rnt,rn,d.1.1.4
1ygw,yg,d.1.1.4
1iyy,iy,d.1.1.4
3agn,ag,d.1.1.4
3ago,ag,d.1.1.4
3ahw,ah,d.1.1.4
3ahs,ah,d.1.1.4
1rtu,rt,d.1.1.4
6ls1,ls,d.1.1.0
5gy6,gy,d.1.1.0
3wr2,wr,d.1.1.0
3who,wh,d.1.1.0
2baa,ba,d.2.1.1
1cns,cn,d.2.1.1
1dxj,dx,d.2.1.1
2z39,z3,d.2.1.1
2z37,z3,d.2.1.1
2z38,z3,d.2.1.1
3w3e,w3,d.2.1.1
3iwr,iw,d.2.1.1
3cql,cq,d.2.1.1
4mst,ms,d.2.1.1
4dwx,dw,d.2.1.1
4dyg,dy,d.2.1.1
4j0l,j0,d.2.1.1
4tx7,tx,d.2.1.1
1f6r,f6,d.2.1.2
6ip9,ip,d.2.1.2
1hfz,hf,d.2.1.2
1f6s,f6,d.2.1.2
3b0k,b0,d.2.1.2
1fkq,fk,d.2.1.2
1fkv,fk,d.2.1.2
1hmk,hm,d.2.1.2
1hfy,hf,d.2.1.2
1hfx,hf,d.2.1.2
1b9o,b9,d.2.1.2
1hml,hm,d.2.1.2
1a4v,a4,d.2.1.2
2fyc,fy,d.2.1.2
1nkh,nk,d.2.1.2
1oqm,oq,d.2.1.2
1l7w,l7,d.2.1.2
2fyd,fy,d.2.1.2
1nmm,nm,d.2.1.2
1nf5,nf,d.2.1.2
1nqi,nq,d.2.1.2
1o23,o2,d.2.1.2
1nt7,nt,d.2.1.2
1yro,yr,d.2.1.2
1nhe,nh,d.2.1.2
1pzy,pz,d.2.1.2
1nwg,nw,d.2.1.2
1alc,al,d.2.1.2
1jug,ju,d.2.1.2
1dkj,dk,d.2.1.2
1dkk,dk,d.2.1.2
2vb1,vb,d.2.1.2
3lzt,lz,d.2.1.2
4lzt,lz,d.2.1.2
1lks,lk,d.2.1.2
3ajn,aj,d.2.1.2
6sye,sy,d.2.1.2
3wl2,wl,d.2.1.2
7bcu,bc,d.2.1.2
7ave,av,d.2.1.2
7avg,av,d.2.1.2
7avf,av,d.2.1.2
7br5,br,d.2.1.2
7deq,de,d.2.1.2
1iee,ie,d.2.1.2
4b0d,b0,d.2.1.2
7der,de,d.2.1.2
6f1o,f1,d.2.1.2
1wtn,wt,d.2.1.2
6p4d,p4,d.2.1.2
6rt3,rt,d.2.1.2
4htk,ht,d.2.1.2
3ato,at,d.2.1.2
3atn,at,d.2.1.2
7bd0,bd,d.2.1.2
7bcx,bc,d.2.1.2
5hmv,hm,d.2.1.2
7bdm,bd,d.2.1.2
3agi,ag,d.2.1.2
5hq1,hq,d.2.1.2
4b4e,b4,d.2.1.2
5lxw,lx,d.2.1.2
4axt,ax,d.2.1.2
6syd,sy,d.2.1.2
6ybi,yb,d.2.1.2
6ro3,ro,d.2.1.2
2zyp,zy,d.2.1.2
2xbr,xb,d.2.1.2
6agn,ag,d.2.1.2
6adf,ad,d.2.1.2
4hpi,hp,d.2.1.2
4hp0,hp,d.2.1.2
2xbs,xb,d.2.1.2
6yjx,yj,d.2.1.2
4ng8,ng,d.2.1.2
6pl9,pl,d.2.1.2
7jmu,jm,d.2.1.2
3n9e,n9,d.2.1.2
4ngj,ng,d.2.1.2
5k2q,k2,d.2.1.2
6f1r,f1,d.2.1.2
5myy,my,d.2.1.2
4rds,rd,d.2.1.2
2bly,bl,d.2.1.2
2blx,bl,d.2.1.2
1wtm,wt,d.2.1.2
6f1p,f1,d.2.1.2
4h92,h9,d.2.1.2
4h8x,h8,d.2.1.2
4h90,h9,d.2.1.2
4h8z,h8,d.2.1.2
4h91,h9,d.2.1.2
193l,93,d.2.1.2
5idd,id,d.2.1.2
6a10,a1,d.2.1.2
3p64,p6,d.2.1.2
3n9a,n9,d.2.1.2
4xad,xa,d.2.1.2
6pla,pl,d.2.1.2
2bpu,bp,d.2.1.2
1v7t,v7,d.2.1.2
1v7s,v7,d.2.1.2
5f14,f1,d.2.1.2
4b49,b4,d.2.1.2
5iel,ie,d.2.1.2
2d4k,d4,d.2.1.2
6plb,pl,d.2.1.2
1qmn,qm,e.1.1.1
1att,at,e.1.1.1
1t1f,t1,e.1.1.1
2znh,zn,e.1.1.1
1sr5,sr,e.1.1.1
1ath,at,e.1.1.1
1oph,op,e.1.1.1
1iz2,iz,e.1.1.1
1qlp,ql,e.1.1.1
1hp7,hp,e.1.1.1
1oo8,oo,e.1.1.1
1atu,at,e.1.1.1
2d26,d2,e.1.1.1
1kct,kc,e.1.1.1
1psi,ps,e.1.1.1
1jmj,jm,e.1.1.1
1jmo,jm,e.1.1.1
1xqg,xq,e.1.1.1
1xqj,xq,e.1.1.1
1uhg,uh,e.1.1.1
1ova,ov,e.1.1.1
1jti,jt,e.1.1.1
1imv,im,e.1.1.1
1lj5,lj,e.1.1.1
7aqf,aq,e.1.1.1
6zrv,zr,e.1.1.1
1a7c,a7,e.1.1.1
3cvm,cv,e.1.1.1
1c5g,c5,e.1.1.1
1oc0,oc,e.1.1.1
3ut3,ut,e.1.1.1
6gwq,gw,e.1.1.1
7aqg,aq,e.1.1.1
6gwn,gw,e.1.1.1
1dvn,dv,e.1.1.1
4ic0,ic,e.1.1.1
1dvm,dv,e.1.1.1
1db2,db,e.1.1.1
3eox,eo,e.1.1.1
9pai,pa,e.1.1.1
6i8s,i8,e.1.1.1
1b3k,b3,e.1.1.1
4kds,kd,e.1.1.1
4dte,dt,e.1.1.1
1by7,by,e.1.1.1
1jrr,jr,e.1.1.1
1sek,se,e.1.1.1
1sng,sn,e.1.1.1
2arq,ar,e.1.1.1
2arr,ar,e.1.1.1
6i7u,i7,e.1.1.1
7npk,np,e.1.1.1
7npl,np,e.1.1.1
3ne4,ne,e.1.1.1
5nbu,nb,e.1.1.1
2qug,qu,e.1.1.1
5nbv,nb,e.1.1.1
6i4v,i4,e.1.1.1
6rod,ro,e.1.1.1
3drm,dr,e.1.1.1
6iay,ia,e.1.1.1
1wz9,wz,e.1.1.1
4g8r,g8,e.1.1.1
1xu8,xu,e.1.1.1
6gwp,gw,e.1.1.1
3q02,q0,e.1.1.1
4aqh,aq,e.1.1.1
3cwl,cw,e.1.1.1
3r4l,r4,e.1.1.1
3cwm,cw,e.1.1.1
3q03,q0,e.1.1.1
4g8o,g8,e.1.1.1
3lw2,lw,e.1.1.1
3pzf,pz,e.1.1.0
4roa,ro,e.1.1.0
4ro9,ro,e.1.1.0
4rob,ro,e.1.1.0
4rsq,rs,e.1.1.0
3sto,st,e.1.1.0
2h4r,h4,e.1.1.0
4p0f,p0,e.1.1.0
4p0o,p0,e.1.1.0
4x30,x3,e.1.1.0
4c41,c4,e.1.1.0
2vdx,vd,e.1.1.0
3f1s,f1,e.1.1.0
4zk3,zk,e.1.1.0
4dy0,dy,e.1.1.0
2oay,oa,e.1.1.0
3dlw,dl,e.1.1.0
5du3,du,e.1.1.0
4zk0,zk,e.1.1.0
2vdy,vd,e.1.1.0
5duq,du,e.1.1.0
4c49,c4,e.1.1.0
2zv6,zv,e.1.1.0
2ceo,ce,e.1.1.0
3nda,nd,e.1.1.0
4ajt,aj,e.1.1.0
2v6d,v6,e.1.1.0
2v95,v9,e.1.1.0
5hgc,hg,e.1.1.0
5ncs,nc,e.1.1.0
3le2,le,e.1.1.0
2pef,pe,e.1.1.0
2pee,pe,e.1.1.0
2vh4,vh,e.1.1.0
6cj7,cj,e.1.1.0
3ozq,oz,e.1.1.0
2i06,i0,e.2.1.1
1ecr,ec,e.2.1.1
2i05,i0,e.2.1.1
2ewj,ew,e.2.1.1
2dcf,dc,e.3.1.1
2e8i,e8,e.3.1.1
2zm9,zm,e.3.1.1
2zm0,zm,e.3.1.1
2zma,zm,e.3.1.1
2zm2,zm,e.3.1.1
2zm8,zm,e.3.1.1
1wyc,wy,e.3.1.1
2zly,zl,e.3.1.1
2zm7,zm,e.3.1.1
1wyb,wy,e.3.1.1
3ws1,ws,e.3.1.1
3wrz,wr,e.3.1.1
3ws4,ws,e.3.1.1
3ws0,ws,e.3.1.1
3ws2,ws,e.3.1.1
3ws5,ws,e.3.1.1
3wrt,wr,e.3.1.1
1rgy,rg,e.3.1.1
1fr1,fr,e.3.1.1
1fr6,fr,e.3.1.1
1rgz,rg,e.3.1.1
1ga0,ga,e.3.1.1
1onh,on,e.3.1.1
1q2q,q2,e.3.1.1
1gce,gc,e.3.1.1
3s4x,s4,e.3.1.1
1xx2,xx,e.3.1.1
1bls,bl,e.3.1.1
5hai,ha,e.3.1.1
1s6r,s6,e.3.1.1
2ffy,ff,e.3.1.1
2hds,hd,e.3.1.1
1pi4,pi,e.3.1.1
4e3l,e3,e.3.1.1
4e3m,e3,e.3.1.1
4e3k,e3,e.3.1.1
6t5y,t5,e.3.1.1
4kz5,kz,e.3.1.1
4e3n,e3,e.3.1.1
1pi5,pi,e.3.1.1
4kzb,kz,e.3.1.1
4okp,ok,e.3.1.1
4kz4,kz,e.3.1.1
4kz7,kz,e.3.1.1
4e3o,e3,e.3.1.1
1l0d,l0,e.3.1.1
4e3i,e3,e.3.1.1
3o86,o8,e.3.1.1
6yen,ye,e.3.1.1
1kvl,kv,e.3.1.1
4lv3,lv,e.3.1.1
3iwi,iw,e.3.1.1
6t7l,t7,e.3.1.1
3ixb,ix,e.3.1.1
3o88,o8,e.3.1.1
4old,ol,e.3.1.1
5gzw,gz,e.3.1.1
1l0f,l0,e.3.1.1
6t3d,t3,e.3.1.1
1l0g,l0,e.3.1.1
6tbw,tb,e.3.1.1
1my8,my,e.3.1.1
1llb,ll,e.3.1.1
2p9v,p9,e.3.1.1
1ke4,ke,e.3.1.1
4kza,kz,e.3.1.1
6ypd,yp,e.3.1.1
1fsy,fs,e.3.1.1
1i5q,i5,e.3.1.1
4e3j,e3,e.3.1.1
3o87,o8,e.3.1.1
4kz3,kz,e.3.1.1
3gqz,gq,e.3.1.1
1l0e,l0,e.3.1.1
3iwq,iw,e.3.1.1
4lv0,lv,e.3.1.1
4kz6,kz,e.3.1.1
4jxg,jx,e.3.1.1
1mxo,mx,e.3.1.1
4lv2,lv,e.3.1.1
3gvb,gv,e.3.1.1
1o07,o0,e.3.1.1
4kz9,kz,e.3.1.1
1ll5,ll,e.3.1.1
2hdu,hd,e.3.1.1
1l2s,l2,e.3.1.1
1ll9,ll,e.3.1.1
3fkw,fk,e.3.1.1
6tpm,tp,e.3.1.1
4olg,ol,e.3.1.1
6dpz,dp,e.3.1.1
1fsw,fs,e.3.1.1
1xgj,xg,e.3.1.1
4kg6,kg,e.3.1.1
6t35,t3,e.3.1.1
5f1g,f1,e.3.1.1
4lv1,lv,e.3.1.1
7cin,ci,e.3.1.1
1iel,ie,e.3.1.1
1xgi,xg,e.3.1.1
1kvm,kv,e.3.1.1
2hdq,hd,e.3.1.1
4jxv,jx,e.3.1.1
3iwo,iw,e.3.1.1
3gsg,gs,e.3.1.1
4jxs,jx,e.3.1.1
1ke3,ke,e.3.1.1
1kds,kd,e.3.1.1
6yeo,ye,e.3.1.1
1c3b,c3,e.3.1.1
1iem,ie,e.3.1.1
3ixg,ix,e.3.1.1
1ga9,ga,e.3.1.1
5joc,jo,e.3.1.1
5ggw,gg,e.3.1.1
2r9w,r9,e.3.1.1
1kdw,kd,e.3.1.1
3bls,bl,e.3.1.1
6dpt,dp,e.3.1.1
3gr2,gr,e.3.1.1
3gv9,gv,e.3.1.1
1ke0,ke,e.3.1.1
3fkv,fk,e.3.1.1
2pu2,pu,e.3.1.1
2bls,bl,e.3.1.1
2r9x,r9,e.3.1.1
4kg2,kg,e.3.1.1
3gtc,gt,e.3.1.1
4kz8,kz,e.3.1.1
6dpx,dp,e.3.1.1
6dpy,dp,e.3.1.1
2pu4,pu,e.3.1.1
2rcx,rc,e.3.1.1
3ixd,ix,e.3.1.1
4jxw,jx,e.3.1.1
3bm6,bm,e.3.1.1
4kg5,kg,e.3.1.1
2hdr,hd,e.3.1.1
2i72,i7,e.3.1.1
1fco,fc,e.3.1.1
3ixh,ix,e.3.1.1
1fcn,fc,e.3.1.1
3grj,gr,e.3.1.1
1fcm,fc,e.3.1.1
3m2j,m2,e.3.1.1
4blm,bl,e.3.1.1
3ly3,ly,e.3.1.1
3kgo,kg,e.3.1.1
3sh8,sh,e.3.1.1
1i2s,i2,e.3.1.1
1i2w,i2,e.3.1.1
3ly4,ly,e.3.1.1
2blm,bl,e.3.1.1
3sh9,sh,e.3.1.1
3sh7,sh,e.3.1.1
3kgm,kg,e.3.1.1
3kgn,kg,e.3.1.1
1mbl,mb,e.3.1.1
1bue,bu,e.3.1.1
1bul,bu,e.3.1.1
1l7u,l7,e.3.1.1
1m40,m4,e.3.1.1
1nym,ny,e.3.1.1
4op5,op,e.3.1.1
1yt4,yt,e.3.1.1
1pzp,pz,e.3.1.1
1li9,li,e.3.1.1
1zg4,zg,e.3.1.1
1nxy,nx,e.3.1.1
1jvj,jv,e.3.1.1
1li0,li,e.3.1.1
1ny0,ny,e.3.1.1
1erm,er,e.3.1.1
1jtg,jt,e.3.1.1
1jwz,jw,e.3.1.1
1jwp,jw,e.3.1.1
4rx3,rx,e.3.1.1
1jwv,jw,e.3.1.1
5hw5,hw,e.3.1.1
1tem,te,e.3.1.1
4gku,gk,e.3.1.1
6ayk,ay,e.3.1.1
4rva,rv,e.3.1.1
1bt5,bt,e.3.1.1
1xpb,xp,e.3.1.1
5kpu,kp,e.3.1.1
1col,co,f.1.1.1
1rh1,rh,f.1.1.1
1cii,ci,f.1.1.1
1a87,a8,f.1.1.1
1f0l,f0,f.1.2.1
1sgk,sg,f.1.2.1
1mdt,md,f.1.2.1
1tox,to,f.1.2.1
1ddt,dd,f.1.2.1
4ow6,ow,f.1.2.1
4ae0,ae,f.1.2.0
4ae1,ae,f.1.2.0
7k7c,k7,f.1.2.0
7k7d,k7,f.1.2.0
7k7b,k7,f.1.2.0
5i82,i8,f.1.2.0
7k7e,k7,f.1.2.0
1i5p,i5,f.1.3.1
1dlc,dl,f.1.3.1
1ji6,ji,f.1.3.1
1w99,w9,f.1.3.1
1ciy,ci,f.1.3.1
4qx1,qx,f.1.3.1
4qx0,qx,f.1.3.1
4qx3,qx,f.1.3.1
4qx2,qx,f.1.3.1
4arx,ar,f.1.3.1
2qkg,qk,f.1.3.0
3eb7,eb,f.1.3.0
7ear,ea,f.1.3.0
6wpc,wp,f.1.3.0
6ovb,ov,f.1.3.0
6owk,ow,f.1.3.0
6dj4,dj,f.1.3.0
4ary,ar,f.1.3.0
1zy3,zy,f.1.4.1
1o0l,o0,f.1.4.1
1mk3,mk,f.1.4.1
7jgw,jg,f.1.4.1
7lh7,lh,f.1.4.1
6vwc,vw,f.1.4.1
3sp7,sp,f.1.4.1
6qgg,qg,f.1.4.1
3qkd,qk,f.1.4.1
6uvc,uv,f.1.4.1
3spf,sp,f.1.4.1
7jgv,jg,f.1.4.1
1maz,ma,f.1.4.1
4tuh,tu,f.1.4.1
6uvh,uv,f.1.4.1
6qgk,qg,f.1.4.1
4ehr,eh,f.1.4.1
6uvd,uv,f.1.4.1
6uvg,uv,f.1.4.1
6qgj,qg,f.1.4.1
6uvf,uv,f.1.4.1
1r2d,r2,f.1.4.1
6qgh,qg,f.1.4.1
1r2i,r2,f.1.4.1
4z9v,z9,f.1.4.1
4qvx,qv,f.1.4.1
1r2e,r2,f.1.4.1
5b1z,b1,f.1.4.1
1r2h,r2,f.1.4.1
2yxj,yx,f.1.4.1
3pl7,pl,f.1.4.1
3io8,io,f.1.4.1
6rnu,rn,f.1.4.1
6uve,uv,f.1.4.1
3wiz,wi,f.1.4.1
2p1l,p1,f.1.4.1
1r2g,r2,f.1.4.1
4ppi,pp,f.1.4.1
2b48,b4,f.1.4.1
2lpc,lp,f.1.4.1
2o2n,o2,f.1.4.1
6bf2,bf,f.1.4.1
2o2m,o2,f.1.4.1
2me9,me,f.1.4.1
2me8,me,f.1.4.1
2o1y,o1,f.1.4.1
1ysn,ys,f.1.4.1
1bxl,bx,f.1.4.1
1g5j,g5,f.1.4.1
1ysi,ys,f.1.4.1
1ysg,ys,f.1.4.1
1lxl,lx,f.1.4.1
1pq1,pq,f.1.4.1
3ilc,il,f.1.4.1
3ihd,ih,f.1.4.1
3ihc,ih,f.1.4.1
1pq0,pq,f.1.4.1
3ihf,ih,f.1.4.1
3iig,ii,f.1.4.1
3ilb,il,f.1.4.1
3iih,ii,f.1.4.1
1af3,af,f.1.4.1
1ohu,oh,f.1.4.1
1ty4,ty,f.1.4.1
6gl8,gl,f.1.4.1
6o0k,o0,f.1.4.1
6o0m,o0,f.1.4.1
7lhb,lh,f.1.4.1
6o0p,o0,f.1.4.1
4lxd,lx,f.1.4.1
4lxe,lx,f.1.4.1
6o0o,o0,f.1.4.1
4lvt,lv,f.1.4.1
4man,ma,f.1.4.1
6o0l,o0,f.1.4.1
5agw,ag,f.1.4.1
2o2f,o2,f.1.4.1
2o22,o2,f.1.4.1
1gjh,gj,f.1.4.1
1g5m,g5,f.1.4.1
2o21,o2,f.1.4.1
1ysw,ys,f.1.4.1
1k3k,k3,f.1.4.1
3bl2,bl,f.1.4.1
3dvu,dv,f.1.4.1
2abo,ab,f.1.4.1
1q59,q5,f.1.4.1
6udv,ud,f.1.4.1
6oqd,oq,f.1.4.1
6udt,ud,f.1.4.1
5fc4,fc,f.1.4.1
2nl9,nl,f.1.4.1
6o6f,o6,f.1.4.1
6oqb,oq,f.1.4.1
6fs1,fs,f.1.4.1
6p3p,p3,f.1.4.1
6qfq,qf,f.1.4.1
4oq6,oq,f.1.4.1
6ud2,ud,f.1.4.1
6udy,ud,f.1.4.1
6udx,ud,f.1.4.1
4wmr,wm,f.1.4.1
6oqn,oq,f.1.4.1
6o4u,o4,f.1.4.1
6udu,ud,f.1.4.1
6oqc,oq,f.1.4.1
6u67,u6,f.1.4.1
6ne5,ne,f.1.4.1
6ybg,yb,f.1.4.1
6qz6,qz,f.1.4.1
6qb3,qb,f.1.4.1
6udi,ud,f.1.4.1
3wix,wi,f.1.4.1
6b4u,b4,f.1.4.1
6qfc,qf,f.1.4.1
4hw3,hw,f.1.4.1
2pqk,pq,f.1.4.1
6qzb,qz,f.1.4.1
6qz5,qz,f.1.4.1
3d7v,d7,f.1.4.1
3wiy,wi,f.1.4.1
6u65,u6,f.1.4.1
4zbf,zb,f.1.4.1
6qz8,qz,f.1.4.1
6qyp,qy,f.1.4.1
6qb6,qb,f.1.4.1
6fs0,fs,f.1.4.1
6b4l,b4,f.1.4.1
5mes,me,f.1.4.1
5vkc,vk,f.1.4.1
4hw2,hw,f.1.4.1
5if4,if,f.1.4.1
6qb4,qb,f.1.4.1
6o6g,o6,f.1.4.1
4zbi,zb,f.1.4.1
4oq5,oq,f.1.4.1
6u64,u6,f.1.4.1
6fs2,fs,f.1.4.1
5fdr,fd,f.1.4.1
5iez,ie,f.1.4.1
6bw2,bw,f.1.4.1
6u63,u6,f.1.4.1
5fdo,fd,f.1.4.1
2nla,nl,f.1.4.1
6u6f,u6,f.1.4.1
6bw8,bw,f.1.4.1
5mev,me,f.1.4.1
2mhs,mh,f.1.4.1
6ovc,ov,f.1.4.1
5ku9,ku,f.1.4.1
3io9,io,f.1.4.1
2rod,ro,f.1.4.1
2roc,ro,f.1.4.1
1wsx,ws,f.1.4.1
5w60,w6,f.1.4.1
4s0o,s0,f.1.4.1
6eb6,eb,f.1.4.1
5w61,w6,f.1.4.1
5w5x,w5,f.1.4.1
2k7w,k7,f.1.4.1
1f16,f1,f.1.4.1
5w63,w6,f.1.4.1
5w62,w6,f.1.4.1
2bid,bi,f.1.4.1
1ddb,dd,f.1.4.1
3kj0,kj,f.1.4.1
4cim,ci,f.1.4.1
4a1u,a1,f.1.4.1
2y6w,y6,f.1.4.1
3fdl,fd,f.1.4.1
4aq3,aq,f.1.4.1
3kj1,kj,f.1.4.1
4c5d,c5,f.1.4.1
3r85,r8,f.1.4.1
3inq,in,f.1.4.1
3zlr,zl,f.1.4.1
3zk6,zk,f.1.4.1
4c52,c5,f.1.4.1
4ieh,ie,f.1.4.1
2w3l,w3,f.1.4.1
2yj1,yj,f.1.4.1
3fdm,fd,f.1.4.1
3zln,zl,f.1.4.1
3kz0,kz,f.1.4.1
3kj2,kj,f.1.4.1
3mk8,mk,f.1.4.1
4cin,ci,f.1.4.1
4a1w,a1,f.1.4.1
3zlo,zl,f.1.4.1
2m03,m0,f.1.4.1
2kbw,kb,f.1.4.1
2bzw,bz,f.1.4.1
2a5y,a5,f.1.4.1
5wdd,wd,f.1.4.0
5vx1,vx,f.1.4.0
5fmi,fm,f.1.4.0
2ims,im,f.1.4.0
2imt,im,f.1.4.0
5whi,wh,f.1.4.0
4bd8,bd,f.1.4.0
6vo4,vo,f.1.4.0
2jcn,jc,f.1.4.0
2yv6,yv,f.1.4.0
2vm6,vm,f.1.4.0
4bd7,bd,f.1.4.0
4u2u,u2,f.1.4.0
4bdu,bd,f.1.4.0
6ckv,ck,f.1.4.0
2vof,vo,f.1.4.0
2voh,vo,f.1.4.0
2vog,vo,f.1.4.0
2voi,vo,f.1.4.0
6mcy,mc,f.1.4.0
6v4m,v4,f.1.4.0
6h1n,h1,f.1.4.0
1ikp,ik,f.1.5.1
1ikq,ik,f.1.5.1
1jo5,jo,f.3.1.1
1dx7,dx,f.3.1.1
1nkz,nk,f.3.1.1
2fkw,fk,f.3.1.1
1kzu,kz,f.3.1.1
1ijd,ij,f.3.1.1
1lgh,lg,f.3.1.1
1xrd,xr,f.3.1.1
6z5s,z5,f.3.1.0
6z5r,z5,f.3.1.0
1wrg,wr,f.3.1.0
5y5s,y5,f.3.1.0
7c52,c5,f.3.1.0
3wmm,wm,f.3.1.0
3wmo,wm,f.3.1.0
3wmn,wm,f.3.1.0
7c9r,c9,f.3.1.0
1qjp,qj,f.4.1.1
1bxw,bx,f.4.1.1
2jmm,jm,f.4.1.1
1g90,g9,f.4.1.1
2ge4,ge,f.4.1.1
1p4t,p4,f.4.1.1
1qj8,qj,f.4.1.1
1qj9,qj,f.4.1.1
2mnh,mn,f.4.1.1
2m06,m0,f.4.1.1
2m07,m0,f.4.1.1
1q9f,q9,f.4.1.1
1q9g,q9,f.4.1.1
1orm,or,f.4.1.1
1thq,th,f.4.1.2
1mm4,mm,f.4.1.2
1mm5,mm,f.4.1.2
3gp6,gp,f.4.1.2
1ys5,ys,f.4.1.3
3hol,ho,f.4.1.3
3hol,ho,f.4.1.3
3hoe,ho,f.4.1.3
3pqs,pq,f.4.1.0
3pqs,pq,f.4.1.0
4o49,o4,f.4.1.0
4o49,o4,f.4.1.0
4o3y,o3,f.4.1.0
4o3y,o3,f.4.1.0
4o3z,o3,f.4.1.0
4o3z,o3,f.4.1.0
4o4u,o4,f.4.1.0
1efe,ef,g.1.1.1
2lwz,lw,g.1.1.1
6u46,u4,g.1.1.1
5wbt,wb,g.1.1.1
1sju,sj,g.1.1.1
1zei,ze,g.1.1.1
1imx,im,g.1.1.1
1h59,h5,g.1.1.1
5l3l,l3,g.1.1.1
5l3m,l3,g.1.1.1
5l3n,l3,g.1.1.1
1pmx,pm,g.1.1.1
3gf1,gf,g.1.1.1
1igl,ig,g.1.1.1
2gf1,gf,g.1.1.1
3lri,lr,g.1.1.1
1b9g,b9,g.1.1.1
1bqt,bq,g.1.1.1
1tgr,tg,g.1.1.1
1ehs,eh,g.2.1.1
1vib,vi,g.2.2.1
1ss3,ss,g.2.3.1
1p9g,p9,g.3.1.1
1p9z,p9,g.3.1.1
4wp4,wp,g.3.1.1
1q9b,q9,g.3.1.1
1t0w,t0,g.3.1.1
1hev,he,g.3.1.1
1en2,en,g.3.1.1
1en2,en,g.3.1.1
1ehd,eh,g.3.1.1
1ehd,eh,g.3.1.1
1enm,en,g.3.1.1
1enm,en,g.3.1.1
1eis,ei,g.3.1.1
1eis,ei,g.3.1.1
1ehh,eh,g.3.1.1
1ehh,eh,g.3.1.1
1iqb,iq,g.3.1.1
1iqb,iq,g.3.1.1
1ulk,ul,g.3.1.1
1ulk,ul,g.3.1.1
1ulk,ul,g.3.1.1
1uha,uh,g.3.1.1
1uha,uh,g.3.1.1
1uln,ul,g.3.1.1
1uln,ul,g.3.1.1
1ulm,ul,g.3.1.1
1ulm,ul,g.3.1.1
2uvo,uv,g.3.1.1
2uvo,uv,g.3.1.1
2uvo,uv,g.3.1.1
2uvo,uv,g.3.1.1
2uwg,uw,g.3.1.1
2uwg,uw,g.3.1.1
2uwg,uw,g.3.1.1
2uwg,uw,g.3.1.1
4aml,am,g.3.1.1
4aml,am,g.3.1.1
4aml,am,g.3.1.1
4aml,am,g.3.1.1
9wga,wg,g.3.1.1
9wga,wg,g.3.1.1
9wga,wg,g.3.1.1
9wga,wg,g.3.1.1
2cwg,cw,g.3.1.1
2cwg,cw,g.3.1.1
2cwg,cw,g.3.1.1
2cwg,cw,g.3.1.1
1wgt,wg,g.3.1.1
1wgt,wg,g.3.1.1
1wgt,wg,g.3.1.1
1wgt,wg,g.3.1.1
1k7v,k7,g.3.1.1
1k7v,k7,g.3.1.1
1k7v,k7,g.3.1.1
1k7v,k7,g.3.1.1
2wgc,wg,g.3.1.1
2wgc,wg,g.3.1.1
2wgc,wg,g.3.1.1
2wgc,wg,g.3.1.1
7wga,wg,g.3.1.1
7wga,wg,g.3.1.1
7wga,wg,g.3.1.1
7wga,wg,g.3.1.1
1wgc,wg,g.3.1.1
1wgc,wg,g.3.1.1
1wgc,wg,g.3.1.1
1wgc,wg,g.3.1.1
1k7u,k7,g.3.1.1
1k7u,k7,g.3.1.1
1k7u,k7,g.3.1.1
1k7u,k7,g.3.1.1
2x3t,x3,g.3.1.1
2x3t,x3,g.3.1.1
2x3t,x3,g.3.1.1
2x3t,x3,g.3.1.1
1k7t,k7,g.3.1.1
1k7t,k7,g.3.1.1
1k7t,k7,g.3.1.1
1k7t,k7,g.3.1.1
1wkx,wk,g.3.1.1
5xdi,xd,g.3.1.1
1mmc,mm,g.3.1.2
5zv6,zv,g.3.1.2
2n1s,n1,g.3.1.2
6sto,st,g.3.1.0
6sto,st,g.3.1.0
6sto,st,g.3.1.0
6sto,st,g.3.1.0
6stq,st,g.3.1.0
6stq,st,g.3.1.0
6stq,st,g.3.1.0
6stq,st,g.3.1.0
6stp,st,g.3.1.0
6stp,st,g.3.1.0
6stp,st,g.3.1.0
6stp,st,g.3.1.0
6stm,st,g.3.1.0
6stm,st,g.3.1.0
6stm,st,g.3.1.0
6stm,st,g.3.1.0
6stn,st,g.3.1.0
6stn,st,g.3.1.0
6stn,st,g.3.1.0
6stn,st,g.3.1.0
6str,st,g.3.1.0
6str,st,g.3.1.0
6str,st,g.3.1.0
6str,st,g.3.1.0
5wuz,wu,g.3.1.0
2lb7,lb,g.3.1.0
2uwz,uw,g.3.1.0
2uwz,uw,g.3.1.0
2uwz,uw,g.3.1.0
2uwz,uw,g.3.1.0
2x52,x5,g.3.1.0
2x52,x5,g.3.1.0
2x52,x5,g.3.1.0
2x52,x5,g.3.1.0
1qfd,qf,g.3.2.1
1htx,ht,g.3.2.1
1h20,h2,g.3.2.1
2c4b,c4,g.3.2.1
2it7,it,g.3.2.1
2let,le,g.3.2.1
2eti,et,g.3.2.1
1lu0,lu,g.3.2.1
1bxj,bx,g.3.2.1
2cti,ct,g.3.2.1
3cti,ct,g.3.2.1
2v1v,v1,g.3.2.1
1cti,ct,g.3.2.1
2it8,it,g.3.2.1
1ha9,ha,g.3.2.1
1ib9,ib,g.3.2.1
2po8,po,g.3.2.1
1w7z,w7,g.3.2.1
6jic,ji,g.3.2.1
2ljs,lj,g.3.2.1
2kch,kc,g.3.3.1
1n1u,n1,g.3.3.1
1znu,zn,g.3.3.1
1pt4,pt,g.3.3.1
1nb1,nb,g.3.3.1
1kal,ka,g.3.3.1
1k48,k4,g.3.3.1
1jjz,jj,g.3.3.1
1orx,or,g.3.3.1
2m9o,m9,g.3.3.1
2jwm,jw,g.3.3.1
2mw0,mw,g.3.3.1
2khb,kh,g.3.3.1
2kuk,ku,g.3.3.1
3e4h,e4,g.3.3.1
2k7g,k7,g.3.3.1
1nbj,nb,g.3.3.2
1df6,df,g.3.3.2
1vb8,vb,g.3.3.2
1bh4,bh,g.3.3.3
2kux,ku,g.3.3.3
2eri,er,g.3.3.3
7kpd,kp,g.3.3.3
2kcg,kc,g.3.3.3
2knm,kn,g.3.3.3
2knn,kn,g.3.3.3
1r1f,r1,g.3.3.4
5oll,ol,g.3.4.1
1c4e,c4,g.3.4.1
1gur,gu,g.3.4.1
1q3j,q3,g.3.4.2
1dkc,dk,g.3.4.2
1mr0,mr,g.3.5.1
1hyk,hy,g.3.5.1
1g1p,g1,g.3.6.1
1g1z,g1,g.3.6.1
1ixt,ix,g.3.6.1
1av3,av,g.3.6.1
1kcp,kc,g.3.6.1
1mvj,mv,g.3.6.1
1fyg,fy,g.3.6.1
1fu3,fu,g.3.6.1
1f3k,f3,g.3.6.1
1eyo,ey,g.3.6.1
1rmk,rm,g.3.6.1
1omc,om,g.3.6.1
1tr6,tr,g.3.6.1
1ttl,tt,g.3.6.1
2cco,cc,g.3.6.1
1ttk,tt,g.3.6.1
1mvi,mv,g.3.6.1
1tt3,tt,g.3.6.1
1omg,om,g.3.6.1
1feo,fe,g.3.6.1
1dw5,dw,g.3.6.1
1dw4,dw,g.3.6.1
1cnn,cn,g.3.6.1
1omn,om,g.3.6.1
1ag7,ag,g.3.6.1
1kqi,kq,g.3.6.2
1kqh,kq,g.3.6.2
1g9p,g9,g.3.6.2
1hp3,hp,g.3.6.2
1axh,ax,g.3.6.2
1vtx,vt,g.3.6.2
1hvw,hv,g.3.6.2
1koz,ko,g.3.6.2
1lup,lu,g.3.6.2
1tyk,ty,g.3.6.2
1lu8,lu,g.3.6.2
1nix,ni,g.3.6.2
1niy,ni,g.3.6.2
1ryg,ry,g.3.6.2
1ryv,ry,g.3.6.2
1d1h,d1,g.3.6.2
1emx,em,g.3.6.2
1qk6,qk,g.3.6.2
1i25,i2,g.3.6.2
1mb6,mb,g.3.6.2
2m4x,m4,g.3.6.2
1y29,y2,g.3.6.2
1ie6,ie,g.3.6.2
1dl0,dl,g.3.6.2
1qk7,qk,g.3.6.2
1c6w,c6,g.3.6.2
1eit,ei,g.3.6.2
1agg,ag,g.3.6.2
1omb,om,g.3.6.2
1oav,oa,g.3.6.2
1iva,iv,g.3.6.2
1oaw,oa,g.3.6.2
1oma,om,g.3.6.2
1v7f,v7,g.3.6.2
1lmm,lm,g.3.6.2
1qdp,qd,g.3.6.2
1la4,la,g.3.6.2
1cix,ci,g.3.6.2
2a2v,a2,g.3.6.2
6gft,gf,g.3.6.2
2ndb,nd,g.3.6.2
1lqr,lq,g.3.6.2
2mpq,mp,g.3.6.2
2mqf,mq,g.3.6.2
2mxo,mx,g.3.6.2
6av8,av,g.3.6.2
5t3m,t3,g.3.6.2
2m50,m5,g.3.6.2
2m4z,m4,g.3.6.2
6v6t,v6,g.3.6.2
2jtb,jt,g.3.6.2
2kni,kn,g.3.6.2
1lmr,lm,g.3.6.3
1i26,i2,g.3.6.3
1ju8,ju,g.3.6.4
1p8b,p8,g.3.6.4
1xi7,xi,g.3.6.5
1xj1,xj,g.3.6.5
1omy,om,g.3.7.1
2e0h,e0,g.3.7.1
1lqq,lq,g.3.7.1
2asc,as,g.3.7.1
1lqh,lq,g.3.7.1
1lqi,lq,g.3.7.1
1fh3,fh,g.3.7.1
1bmr,bm,g.3.7.1
1i6f,i6,g.3.7.1
1i6g,i6,g.3.7.1
1nh5,nh,g.3.7.1
1npi,np,g.3.7.1
1b7d,b7,g.3.7.1
2b3c,b3,g.3.7.1
1b3c,b3,g.3.7.1
1vnb,vn,g.3.7.1
1vna,vn,g.3.7.1
1jza,jz,g.3.7.1
1jzb,jz,g.3.7.1
2sn3,sn,g.3.7.1
1nrb,nr,g.3.7.1
1nra,nr,g.3.7.1
1djt,dj,g.3.7.1
1hup,hu,h.1.1.1
1buu,bu,h.1.1.1
1kwt,kw,h.1.1.1
1kww,kw,h.1.1.1
1kwz,kw,h.1.1.1
1kwu,kw,h.1.1.1
1fih,fi,h.1.1.1
1kwy,kw,h.1.1.1
1kwx,kw,h.1.1.1
1kwv,kw,h.1.1.1
1kx0,kx,h.1.1.1
1fif,fi,h.1.1.1
1kx1,kx,h.1.1.1
1pwb,pw,h.1.1.1
2os9,os,h.1.1.1
2rie,ri,h.1.1.1
3ikn,ik,h.1.1.1
1pw9,pw,h.1.1.1
5oxs,ox,h.1.1.1
3ikr,ik,h.1.1.1
4e52,e5,h.1.1.1
2ork,or,h.1.1.1
3g81,g8,h.1.1.1
2ric,ri,h.1.1.1
2orj,or,h.1.1.1
5oxr,ox,h.1.1.1
2rib,ri,h.1.1.1
2rid,ri,h.1.1.1
2ria,ri,h.1.1.1
3ikp,ik,h.1.1.1
2ggu,gg,h.1.1.1
3g83,g8,h.1.1.1
3dbz,db,h.1.1.1
1b08,b0,h.1.1.1
3ikq,ik,h.1.1.1
2ggx,gg,h.1.1.1
3g84,g8,h.1.1.1
3kqg,kq,h.1.1.1
1m7l,m7,h.1.1.1
3pbf,pb,h.1.1.1
3pak,pa,h.1.1.1
4wrf,wr,h.1.1.1
4wux,wu,h.1.1.1
1r13,r1,h.1.1.1
4wre,wr,h.1.1.1
5ffs,ff,h.1.1.1
3paq,pa,h.1.1.1
4wrc,wr,h.1.1.1
3par,pa,h.1.1.1
1r14,r1,h.1.1.1
5fft,ff,h.1.1.1
5ffr,ff,h.1.1.1
4wr9,wr,h.1.1.1
4wuw,wu,h.1.1.1
6bbd,bb,h.1.1.1
6bbe,bb,h.1.1.1
1htn,ht,h.1.1.1
1ca4,ca,h.1.2.1
1qsc,qs,h.1.2.1
1d0a,d0,h.1.2.1
1czy,cz,h.1.2.1
1d01,d0,h.1.2.1
1d00,d0,h.1.2.1
1ca9,ca,h.1.2.1
1d0j,d0,h.1.2.1
1czz,cz,h.1.2.1
1flk,fl,h.1.2.1
1l0a,l0,h.1.2.1
1fll,fl,h.1.2.1
1kzz,kz,h.1.2.1
1rf3,rf,h.1.2.1
1ci6,ci,h.1.3.1
2h7h,h7,h.1.3.1
1jnm,jn,h.1.3.1
1jun,ju,h.1.3.1
1a93,a9,h.1.3.1
2a93,a9,h.1.3.1
1nwq,nw,h.1.3.1
2e42,e4,h.1.3.1
2e43,e4,h.1.3.1
1gtw,gt,h.1.3.1
1gu4,gu,h.1.3.1
1gu5,gu,h.1.3.1
1h8a,h8,h.1.3.1
1io4,io,h.1.3.1
1h88,h8,h.1.3.1
1hjb,hj,h.1.3.1
1h89,h8,h.1.3.1
3coq,co,h.1.3.1
1d66,d6,h.1.3.1
1hbw,hb,h.1.3.1
3ck4,ck,h.1.3.1
2ipz,ip,h.1.3.1
3crp,cr,h.1.3.1
2nrn,nr,h.1.3.1
1piq,pi,h.1.3.1
1uo4,uo,h.1.3.1
2zta,zt,h.1.3.1
1zii,zi,h.1.3.1
1zik,zi,h.1.3.1
2bni,bn,h.1.3.1
2r2v,r2,h.1.3.1
2ahp,ah,h.1.3.1
2ccn,cc,h.1.3.1
2ccf,cc,h.1.3.1
2dgc,dg,h.1.3.1
1unw,un,h.1.3.1
2b22,b2,h.1.3.1
2o7h,o7,h.1.3.1
1uo5,uo,h.1.3.1
1u9g,u9,h.1.3.1
1zil,zi,h.1.3.1
1w5k,w5,h.1.3.1
1uo3,uo,h.1.3.1
1u9f,u9,h.1.3.1
2cce,cc,h.1.3.1
1u9h,u9,h.1.3.1
1uo2,uo,h.1.3.1
1uny,un,h.1.3.1
1uo0,uo,h.1.3.1
1unz,un,h.1.3.1
1unu,un,h.1.3.1
1unt,un,h.1.3.1
1unx,un,h.1.3.1
1w5g,w5,h.1.3.1
1w5j,w5,h.1.3.1
1unv,un,h.1.3.1
1w5l,w5,h.1.3.1
1uo1,uo,h.1.3.1
1w5i,w5,h.1.3.1
1dgc,dg,h.1.3.1
1w5h,w5,h.1.3.1
2k8x,k8,h.1.3.1
2g9j,g9,h.1.3.1
1zta,zt,h.1.3.1
2hy6,hy,h.1.3.1
2b1f,b1,h.1.3.1
1gcm,gc,h.1.3.1
1ij2,ij,h.1.3.1
1ij3,ij,h.1.3.1
3k7z,k7,h.1.3.1
1ce9,ce,h.1.3.1
1kd8,kd,h.1.3.1
1gcl,gc,h.1.3.1
1zim,zi,h.1.3.1
1zij,zi,h.1.3.1
1kdd,kd,h.1.3.1
1kd9,kd,h.1.3.1
1ij1,ij,h.1.3.1
1ij0,ij,h.1.3.1
1rb6,rb,h.1.3.1
1rb4,rb,h.1.3.1
1rb5,rb,h.1.3.1
1ce0,ce,h.1.3.1
1swi,sw,h.1.3.1
3c3f,c3,h.1.3.1
1qp9,qp,h.1.3.1
1pyi,py,h.1.3.1
1ajy,aj,h.1.3.1
1dh3,dh,h.1.3.1
6uci,uc,h.1.3.0
6ucl,uc,h.1.3.0
6ucm,uc,h.1.3.0
5vpc,vp,h.1.3.0
5vpb,vp,h.1.3.0
5vpd,vp,h.1.3.0
5vpa,vp,h.1.3.0
1ifd,if,h.1.4.1
1ifj,if,h.1.4.1
1ifi,if,h.1.4.1
1fdm,fd,h.1.4.1
2hi5,hi,h.1.4.1
1nh4,nh,h.1.4.1
1mzt,mz,h.1.4.1
1ifk,if,h.1.4.1
1ifl,if,h.1.4.1
2cps,cp,h.1.4.1
2cpb,cp,h.1.4.1
1ql2,ql,h.1.4.1
1ifm,if,h.1.4.1
1pfi,pf,h.1.4.1
4ifm,if,h.1.4.1
2ifm,if,h.1.4.1
3ifm,if,h.1.4.1
1ifn,if,h.1.4.1
1ql1,ql,h.1.4.1
2ifn,if,h.1.4.1
2ksj,ks,h.1.4.1
2klv,kl,h.1.4.1
1pjf,pj,h.1.4.1
1ifp,if,h.1.4.1
1hh0,hh,h.1.4.1
1hgv,hg,h.1.4.1
1hgz,hg,h.1.4.1
2ifo,if,h.1.4.1
2z5h,z5,h.1.5.1
1ic2,ic,h.1.5.1
2b9c,b9,h.1.5.1
1kql,kq,h.1.5.1
1mv4,mv,h.1.5.1
1c1g,c1,h.1.5.1
2d3e,d3,h.1.5.1
2tma,tm,h.1.5.1
3u1c,u1,h.1.5.0
3u1a,u1,h.1.5.0
3u59,u5,h.1.5.0
1aq5,aq,h.1.6.1
1mz9,mz,h.1.7.1
3v2n,v2,h.1.7.1
3v2p,v2,h.1.7.1
1vdf,vd,h.1.7.1
3v2q,v2,h.1.7.1
3v2r,v2,h.1.7.1
1fbm,fb,h.1.7.1
1m1j,m1,h.1.8.1
2oyh,oy,h.1.8.1
1fzc,fz,h.1.8.1
1rf1,rf,h.1.8.1
1re3,re,h.1.8.1
2hlo,hl,h.1.8.1
2oyi,oy,h.1.8.1
1fzf,fz,h.1.8.1
1fzg,fz,h.1.8.1
1ltj,lt,h.1.8.1
1re4,re,h.1.8.1
1lt9,lt,h.1.8.1
1rf0,rf,h.1.8.1
2h43,h4,h.1.8.1
2ffd,ff,h.1.8.1
1fzb,fz,h.1.8.1
1fze,fz,h.1.8.1
1fza,fz,h.1.8.1
2hpc,hp,h.1.8.1
2hod,ho,h.1.8.1
1n86,n8,h.1.8.1
1n8e,n8,h.1.8.1
1n73,n7,h.1.8.1
1lwu,lw,h.1.8.1
3ghg,gh,h.1.8.0
1dkg,dk,h.1.9.1
1p9i,p9,h.1.10.1
1d7m,d7,h.1.10.1
1ik9,ik,h.1.11.1
1fu1,fu,h.1.11.1
3ii6,ii,h.1.11.1
6abo,ab,h.1.11.1
7m3p,m3,h.1.11.0
1dip,di,h.1.12.1
1g1j,g1,h.1.13.1
1g1i,g1,h.1.13.1
5y9r,y9,h.1.13.1
5y2j,y2,h.1.13.1
5y2h,y2,h.1.13.1
3miw,mi,h.1.13.1
5y2e,y2,h.1.13.1
2o1k,o1,h.1.13.1
2o1j,o1,h.1.13.1
4wba,wb,h.1.13.1
4wb4,wb,h.1.13.1
1lj2,lj,h.1.13.2
1ezj,ez,h.1.14.1
1gl2,gl,h.1.15.1
1urq,ur,h.1.15.1
3b5n,b5,h.1.15.1
1l4a,l4,h.1.15.1
1n7s,n7,h.1.15.1
1kil,ki,h.1.15.1
1sfc,sf,h.1.15.1
2n1t,n1,h.1.15.1
1nhl,nh,h.1.15.1
1jth,jt,h.1.15.1
1hvv,hv,h.1.15.1
6wvw,wv,h.1.15.1
4wy4,wy,h.1.15.0
7bv6,bv,h.1.15.0
2nps,np,h.1.15.0
2guv,gu,h.1.16.1
1jcd,jc,h.1.16.1
1kfn,kf,h.1.16.1
2gus,gu,h.1.16.1
1eq7,eq,h.1.16.1
1jcc,jc,h.1.16.1
1kfm,kf,h.1.16.1
1t8z,t8,h.1.16.1
1aa0,aa,h.1.17.1
1v1h,v1,h.1.17.1
1v1i,v1,h.1.17.1
1rfo,rf,h.1.17.1
1u0p,u0,h.1.17.1
1avy,av,h.1.17.1
1ox3,ox,h.1.17.1
2ibl,ib,h.1.17.1
1deb,de,h.1.18.1
1fe6,fe,h.1.19.1
1ybk,yb,h.1.19.1
7r6h,r6,h.1.19.1
5jr5,jr,h.1.19.1
5vh0,vh,h.1.19.1
5vkf,vk,h.1.19.1
1x8y,x8,h.1.20.1
1r2w,r2,i.1.1.1
1pn6,pn,i.1.1.1
1eg0,eg,i.1.1.1
1r2x,r2,i.1.1.1
1p86,p8,i.1.1.1
1p85,p8,i.1.1.1
1pnu,pn,i.1.1.1
1pny,pn,i.1.1.1
1jqm,jq,i.1.1.1
1jqs,jq,i.1.1.1
1jqt,jq,i.1.1.1
1ls2,ls,i.1.1.1
1mi6,mi,i.1.1.1
1mj1,mj,i.1.1.1
1qzd,qz,i.1.1.1
2k3f,k3,i.1.1.1
2jq7,jq,i.1.1.1
1s1i,s1,i.1.1.1
3u5e,u5,i.1.1.1
3u5c,u5,i.1.1.1
3j39,j3,i.1.1.1
3j38,j3,i.1.1.1
4a17,a1,i.1.1.2
4a19,a1,i.1.1.2
1nkw,nk,i.1.1.2
1sm1,sm,i.1.1.2
1nwy,nw,i.1.1.2
1nwx,nw,i.1.1.2
1w2b,w2,i.1.1.2
1c04,c0,i.1.1.2
3izb,iz,i.1.1.3
1emi,em,i.1.1.3
1n03,n0,i.2.1.1
2rec,re,i.2.1.1
1qo1,qo,i.3.1.1
1jnv,jn,i.3.1.1
1d8s,d8,i.3.1.1
2pcf,pc,i.4.1.1
1dwl,dw,i.4.1.1
1e08,e0,i.4.1.1
1vcr,vc,i.5.1.1
1c51,c5,i.5.1.1
1ilx,il,i.5.1.1
1fe1,fe,i.5.1.1
1w5c,w5,i.5.1.1
1izl,iz,i.5.1.1
1qzv,qz,i.5.1.1
1pyh,py,i.5.1.1
1hb5,hb,i.6.1.1
1gw8,gw,i.6.1.1
1gw7,gw,i.6.1.1
1hb7,hb,i.6.1.1
1hb9,hb,i.6.1.1
1m4x,m4,i.6.1.1
1w8x,w8,i.6.1.1
1dyl,dy,i.6.1.1
1ld4,ld,i.6.1.1
1uon,uo,i.7.1.1
1ej6,ej,i.7.1.1
3cqz,cq,i.8.1.1
2vum,vu,i.8.1.1
1wcm,wc,i.8.1.1
1pqv,pq,i.8.1.1
1y1w,y1,i.8.1.1
2r92,r9,i.8.1.1
2r7z,r7,i.8.1.1
1y1v,y1,i.8.1.1
1nt9,nt,i.8.1.1
2r93,r9,i.8.1.1
1nik,ni,i.8.1.1
1r9t,r9,i.8.1.1
1y1y,y1,i.8.1.1
1y77,y7,i.8.1.1
1r9s,r9,i.8.1.1
1sfo,sf,i.8.1.1
1r5u,r5,i.8.1.1
1hqm,hq,i.8.1.1
1l9u,l9,i.8.1.1
1l9z,l9,i.8.1.1
1ei3,ei,i.9.1.1
1deq,de,i.9.1.1
1ia0,ia,i.10.1.1
3du7,du,i.10.1.1
2p4n,p4,i.10.1.1
1ffx,ff,i.10.1.1
1eky,ek,i.11.1.1
2f40,f4,i.11.1.1
1fh1,fh,i.11.1.1
1oln,ol,i.11.1.1
1xs9,xs,i.11.1.1
1d9s,d9,i.11.1.1
4cat,ca,i.12.1.1
1ivi,iv,i.12.1.1
1grh,gr,i.12.1.1
1hr3,hr,i.12.1.1
1hkg,hk,i.12.1.1
2yhx,yh,i.12.1.1
1kga,kg,i.12.1.1
3ldh,ld,i.12.1.1
2pgk,pg,i.12.1.1
1pyk,py,i.12.1.1
1qtj,qt,i.12.1.1
1tnv,tn,i.12.1.1
1if0,if,i.14.1.1
1sjj,sj,i.15.1.1
1o1f,o1,i.15.1.1
1o1b,o1,i.15.1.1
1m8q,m8,i.15.1.1
1o1c,o1,i.15.1.1
1o1e,o1,i.15.1.1
1mvw,mv,i.15.1.1
1o1g,o1,i.15.1.1
1o19,o1,i.15.1.1
1o1d,o1,i.15.1.1
1o1a,o1,i.15.1.1
1o18,o1,i.15.1.1
1gr5,gr,i.16.1.1
2c7e,c7,i.16.1.1
1gru,gr,i.16.1.1
1k4r,k4,i.17.1.1
1n6g,n6,i.17.1.1
1p58,p5,i.17.1.1
1na4,na,i.17.1.1
1mhs,mh,i.18.1.1
1pdf,pd,i.19.1.1
1pdi,pd,i.19.1.1
1pdl,pd,i.19.1.1
1pdm,pd,i.19.1.1
1pdp,pd,i.19.1.1
1tja,tj,i.19.1.1
1q5a,q5,i.20.1.1
1q55,q5,i.20.1.1
1q5c,q5,i.20.1.1
1q5b,q5,i.20.1.1
1suv,su,i.21.1.1
1w63,w6,i.23.1.1
1xi4,xi,i.23.1.1
1xi5,xi,i.23.1.1
1tzn,tz,i.24.1.1
3hqv,hq,i.25.1.1
1alz,al,j.1.1.1
1al4,al,j.1.1.1
1av2,av,j.1.1.1
1alx,al,j.1.1.1
1bdw,bd,j.1.1.1
1c4d,c4,j.1.1.1
1gmk,gm,j.1.1.1
1grm,gr,j.1.1.1
1jno,jn,j.1.1.1
1jo3,jo,j.1.1.1
1jo4,jo,j.1.1.1
1kqe,kq,j.1.1.1
1mic,mi,j.1.1.1
1ng8,ng,j.1.1.1
1nrm,nr,j.1.1.1
1nru,nr,j.1.1.1
1nt5,nt,j.1.1.1
1nt6,nt,j.1.1.1
1tkq,tk,j.1.1.1
1mag,ma,j.1.1.1
1amt,am,j.1.1.2
1gq0,gq,j.1.1.2
1ob4,ob,j.1.1.2
1ob6,ob,j.1.1.2
1ob7,ob,j.1.1.2
1ee7,ee,j.1.1.2
1m24,m2,j.1.1.2
1r9u,r9,j.1.1.2
1ih9,ih,j.1.1.2
1aj1,aj,j.2.1.1
1qow,qo,j.2.1.2
1mqy,mq,j.2.1.2
1mqx,mq,j.2.1.2
1mqz,mq,j.2.1.2
8tfv,tf,j.3.1.2
1cz6,cz,j.3.1.3
1pg1,pg,j.3.1.4
1hvz,hv,j.3.1.4
1lfc,lf,j.3.1.5
1kfp,kf,j.3.1.6
1ma2,ma,j.3.1.7
1ma5,ma,j.3.1.7
1ma6,ma,j.3.1.7
1ma4,ma,j.3.1.7
1rkk,rk,j.3.1.7
1m4e,m4,j.3.1.8
1m4f,m4,j.3.1.8
1s6w,s6,j.3.1.8
1o8y,o8,j.3.1.9
1o8z,o8,j.3.1.9
1f0e,f0,j.4.1.1
1d9p,d9,j.4.1.1
1f0f,f0,j.4.1.1
1d9o,d9,j.4.1.1
1d9l,d9,j.4.1.1
1f0d,f0,j.4.1.1
1f0g,f0,j.4.1.1
1f0h,f0,j.4.1.1
1d9j,d9,j.4.1.1
1d9m,d9,j.4.1.1
2mag,ma,j.4.1.1
1dum,du,j.4.1.1
1kv4,kv,j.4.1.3
2jr8,jr,j.4.1.3
1mxq,mx,j.4.1.4
1myu,my,j.4.1.4
1n6t,n6,j.4.1.4
1t52,t5,j.4.1.5
1t51,t5,j.4.1.5
1t55,t5,j.4.1.5
1t54,t5,j.4.1.5
1xkm,xk,j.4.1.6
1q71,q7,j.5.1.1
1pp5,pp,j.5.1.1
1pxq,px,j.5.1.2
2glg,gl,j.6.1.1
2glh,gl,j.6.1.1
1bku,bk,j.6.1.1
1bzb,bz,j.6.1.1
1byv,by,j.6.1.1
1fb9,fb,j.6.1.1
1xy1,xy,j.6.1.1
1xy2,xy,j.6.1.1
1jrj,jr,j.6.1.1
1t5q,t5,j.6.1.1
1gcn,gc,j.6.1.1
1nau,na,j.6.1.1
1kx6,kx,j.6.1.1
1bh0,bh,j.6.1.1
1d0r,d0,j.6.1.1
1cq0,cq,j.6.1.1
1lbj,lb,j.6.1.1
1p9f,p9,j.6.1.1
1c98,c9,j.6.1.1
1c9a,c9,j.6.1.1
1k8v,k8,j.6.1.1
1ron,ro,j.6.1.1
1tz5,tz,j.6.1.1
1f8p,f8,j.6.1.1
1tz4,tz,j.6.1.1
1d1f,d1,j.6.1.1
1qfa,qf,j.6.1.1
1d1e,d1,j.6.1.1
1d0w,d0,j.6.1.1
1icy,ic,j.6.1.1
1fvn,fv,j.6.1.1
1wso,ws,j.6.1.1
1r02,r0,j.6.1.1
1v1d,v1,j.6.1.1
1ljv,lj,j.6.1.1
1bba,bb,j.6.1.1
2bf9,bf,j.6.1.1
1ppt,pp,j.6.1.1
1xc0,xc,j.6.1.1
2dez,de,j.6.1.1
2df0,df,j.6.1.1
2rlk,rl,j.6.1.1
2oop,oo,j.6.1.1
1ru5,ru,j.6.1.1
2oon,oo,j.6.1.1
1ruu,ru,j.6.1.1
1qbf,qb,j.6.1.1
1smz,sm,j.6.1.1
1dtc,dt,j.7.1.1
2dtb,dt,j.7.1.1
1ot0,ot,j.7.2.1
1p0j,p0,j.7.2.1
1p0o,p0,j.7.2.1
1p0l,p0,j.7.2.1
1p5k,p5,j.7.2.1
1p0g,p0,j.7.2.1
1p5l,p5,j.7.2.1
1vm5,vm,j.7.3.1
1vm3,vm,j.7.3.1
1vm4,vm,j.7.3.1
1vm2,vm,j.7.3.1
1bqf,bq,j.8.1.1
2dj9,dj,j.8.1.1
2eqh,eq,j.8.1.1
2eqq,eq,j.8.1.1
2djc,dj,j.8.1.1
1v28,v2,j.8.1.1
1irr,ir,j.8.1.1
1hrl,hr,j.8.1.1
1b1v,b1,j.8.1.1
1b5n,b5,j.8.1.1
1rpv,rp,j.9.2.1
484d,84,j.9.2.1
1mnb,mn,j.9.4.1
1jfw,jf,j.9.4.1
1nyb,ny,j.9.5.1
2ezg,ez,j.10.1.1
2eze,ez,j.10.1.1
2ezf,ez,j.10.1.1
2ezd,ez,j.10.1.1
1kzv,kz,j.11.1.1
1kzt,kz,j.11.1.1
1kzs,kz,j.11.1.1
1m8l,m8,j.11.1.1
1esx,es,j.11.1.1
1fi0,fi,j.11.1.1
1vpc,vp,j.11.1.1
1dsk,ds,j.11.1.1
1bde,bd,j.11.1.1
1dsj,ds,j.11.1.1
1ceu,ce,j.11.1.1
1x9v,x9,j.11.1.1
1ztn,zt,j.12.1.1
1b4g,b4,j.12.1.1
1b4i,b4,j.12.1.1
1zto,zt,j.12.1.1
1kn7,kn,j.12.1.1
1ujl,uj,j.12.1.1
1byy,by,j.12.1.1
1cfg,cf,j.13.1.1
1fac,fa,j.13.1.1
1pei,pe,j.14.1.1
1peh,pe,j.14.1.1
1zwc,zw,j.15.1.1
1et1,et,j.15.1.1
1bl1,bl,j.15.1.1
1hpy,hp,j.15.1.1
1fvy,fv,j.15.1.1
1hph,hp,j.15.1.1
1bwx,bw,j.15.1.1
1zwg,zw,j.15.1.1
1zwb,zw,j.15.1.1
1hth,ht,j.15.1.1
1zwa,zw,j.15.1.1
1zwe,zw,j.15.1.1
1zwf,zw,j.15.1.1
1zwd,zw,j.15.1.1
1bzg,bz,j.15.1.1
1go9,go,j.16.1.1
1goe,go,j.16.1.1
2rmi,rm,j.16.1.1
2rmf,rm,j.16.1.1
2rme,rm,j.16.1.1
2rmd,rm,j.16.1.1
1lyp,ly,j.17.1.1
1psm,ps,j.18.1.1
1d7n,d7,j.19.1.1
2mlt,ml,j.19.1.1
1bh1,bh,j.19.1.1
1g92,g9,j.19.1.2
1ter,te,j.20.1.1
1wfb,wf,j.21.1.1
1wfa,wf,j.21.1.1
1j5b,j5,j.21.1.1
1vdi,vd,j.22.1.1
1vdj,vd,j.22.1.1
1nim,ni,j.23.1.1
1pak,pa,j.23.1.1
1paj,pa,j.23.1.1
1nil,ni,j.23.1.1
1kb8,kb,j.23.1.1
1kb7,kb,j.23.1.1
1pao,pa,j.23.1.1
1pan,pa,j.23.1.1
1rpc,rp,j.24.1.1
1rpb,rp,j.24.1.1
1anp,an,j.25.1.1
1a1p,a1,j.26.1.1
1hr1,hr,j.27.1.1
1qx9,qx,j.27.1.1
1g89,g8,j.27.1.1
1g8c,g8,j.27.1.1
1qxq,qx,j.27.1.1
1d6x,d6,j.27.1.1
1t7h,t7,j.28.1.1
6dk5,dk,j.28.1.1
1edn,ed,j.28.1.1
1edp,ed,j.28.1.1
1v6r,v6,j.28.1.1
6cmh,cm,j.28.1.1
3cmh,cm,j.28.1.1
1srb,sr,j.28.1.1
1gna,gn,j.29.1.1
1gnb,gn,j.29.1.1
1uya,uy,j.29.1.1
1uyb,uy,j.29.1.1
1etn,et,j.29.1.1
1etm,et,j.29.1.1
1etl,et,j.29.1.1
1tck,tc,j.30.1.1
1tch,tc,j.30.1.1
1tcj,tc,j.30.1.1
1tcg,tc,j.30.1.1
1gib,gi,j.30.1.1
1r9i,r9,j.30.1.1
1q2j,q2,j.30.1.1
1dg2,dg,j.30.1.2
1mxn,mx,j.30.1.2
1mxp,mx,j.30.1.2
1b45,b4,j.30.1.2
1k64,k6,j.30.1.2
1ul2,ul,j.30.1.2
1mtq,mt,j.30.1.2
1g2g,g2,j.30.1.2
1e74,e7,j.30.1.2
1e75,e7,j.30.1.2
1e76,e7,j.30.1.2
1cnl,cn,j.30.1.2
1mii,mi,j.30.1.2
1pen,pe,j.30.1.2
1akg,ak,j.30.1.2
1hje,hj,j.30.1.2
1qmw,qm,j.30.1.2
1not,no,j.30.1.2
1qs3,qs,j.30.1.2
1xga,xg,j.30.1.2
1xgc,xg,j.30.1.2
1xgb,xg,j.30.1.2
1p1p,p1,j.30.1.3
1pqr,pq,j.30.1.3
1jlo,jl,j.30.1.4
1as5,as,j.30.1.4
1jlp,jl,j.30.1.4
1ien,ie,j.30.1.5
1ieo,ie,j.30.1.6
1sbu,sb,j.30.1.7
1awy,aw,j.31.1.1
1onu,on,j.31.1.1
1ad7,ad,j.31.1.1
1ont,on,j.31.1.2
1d7t,d7,j.32.1.1
1dfy,df,j.32.1.1
1dfz,df,j.32.1.1
1dg0,dg,j.32.1.1
1nxn,nx,j.32.1.1
1qfb,qf,j.32.1.1
1brv,br,j.33.1.1
1kwd,kw,j.33.1.1
1kwe,kw,j.33.1.1
1hp9,hp,j.33.2.1
1bdk,bd,j.34.1.1
1qlo,ql,j.35.1.1
3mra,mr,j.35.1.1
1kdl,kd,j.35.1.1
1xnl,xn,j.35.1.1
1g8x,g8,k.1.1.1
1cis,ci,k.1.1.1
1tmz,tm,k.1.1.1
3al1,al,k.2.1.1
1byz,by,k.2.1.1
1al1,al,k.2.1.1
1dn3,dn,k.2.1.1
1dng,dn,k.2.1.1
1djf,dj,k.2.1.1
1l4x,l4,k.2.1.1
1bkv,bk,k.3.1.1
1q7d,q7,k.3.1.1
1g9w,g9,k.3.1.1
1a3j,a3,k.3.1.1
1cag,ca,k.3.1.1
1a3i,a3,k.3.1.1
1qsu,qs,k.3.1.1
1ei8,ei,k.3.1.1
1v6q,v6,k.3.1.1
1v4f,v4,k.3.1.1
1v7h,v7,k.3.1.1
1itt,it,k.3.1.1
1k6f,k6,k.3.1.1
1nay,na,k.3.1.1
1cos,co,k.4.1.1
2jgo,jg,k.4.1.1
1fmh,fm,k.6.1.1
1u2u,u2,k.6.1.1
1u0i,u0,k.6.1.1
1bb1,bb,k.7.1.1
1jm0,jm,k.8.1.1
1lt1,lt,k.8.1.1
1jmb,jm,k.8.1.1
1y47,y4,k.8.1.1
1mft,mf,k.8.1.1
1ec5,ec,k.8.1.1
1ovv,ov,k.8.1.1
1ovr,ov,k.8.1.1
1ovu,ov,k.8.1.1
1u7m,u7,k.8.1.1
1u7j,u7,k.8.1.1
1nvo,nv,k.8.1.1
1p68,p6,k.8.1.1
2jua,ju,k.8.1.1
4hb1,hb,k.8.1.1
1m3w,m3,k.8.1.1
1lq7,lq,k.9.1.1
2a3d,a3,k.9.1.1
1g6u,g6,k.9.1.1
1pef,pe,k.10.1.1
1c94,c9,k.11.1.1
2i13,i1,k.12.1.1
1rik,ri,k.12.1.1
1rim,ri,k.12.1.1
1fme,fm,k.12.1.1
2ab3,ab,k.12.1.1
2ab7,ab,k.12.1.1
1znm,zn,k.12.1.1
1zdd,zd,k.13.1.1
1zdc,zd,k.13.1.1
1zdb,zd,k.13.1.1
1zda,zd,k.13.1.1
1hcw,hc,k.14.1.1
1t8j,t8,k.14.1.1
1psv,ps,k.14.1.1
1fsv,fs,k.14.1.1
1fsd,fs,k.14.1.1
1sn9,sn,k.14.1.1
1sne,sn,k.14.1.1
1sna,sn,k.14.1.1
1abz,ab,k.15.1.1
1vrz,vr,k.15.1.1
1qp6,qp,k.16.1.1
2o6n,o6,k.17.1.1
1tgg,tg,k.17.1.1
1rh4,rh,k.17.1.1
1kvg,kv,k.18.1.1
1kvf,kv,k.18.1.1
1soc,so,k.20.1.1
2soc,so,k.20.1.1
1qtx,qt,k.21.1.1
1vrk,vr,k.21.1.1
1qs7,qs,k.21.1.1
1ymz,ym,k.22.1.1
1e0m,e0,k.22.1.1
1quz,qu,k.23.1.1
1d5q,d5,k.23.1.2
1foz,fo,k.24.1.1
1icl,ic,k.26.1.1
1ic9,ic,k.26.1.1
1ico,ic,k.26.1.1
1fuv,fu,k.27.1.1
1ful,fu,k.27.1.1
1gjg,gj,k.28.1.1
1in2,in,k.28.1.1
1lb7,lb,k.28.1.1
1gjf,gj,k.28.1.1
1in3,in,k.28.1.1
1gje,gj,k.28.1.1
1imw,im,k.28.1.1
1n0d,n0,k.29.1.1
1n09,n0,k.29.1.1
1n0a,n0,k.29.1.1
1n0c,n0,k.29.1.1
1uao,ua,k.29.1.1
1jy9,jy,k.29.1.1
1k43,k4,k.29.1.1
1j4m,j4,k.29.1.1
1le0,le,k.29.1.1
1le1,le,k.29.1.1
1le3,le,k.29.1.1
1jbf,jb,k.30.1.1
1kcn,kc,k.30.1.2
1kco,kc,k.30.1.2
1ihq,ih,k.31.1.1
1l2y,l2,k.32.1.1
1rij,ri,k.32.1.1
1id6,id,k.33.1.1
1id7,id,k.33.1.1
1liq,li,k.34.1.1
1jy4,jy,k.35.1.1
1jy6,jy,k.35.1.1
1k09,k0,k.35.1.1
1m02,m0,k.36.1.1
1n0q,n0,k.37.1.1
2zgg,zg,k.37.1.1
1n0r,n0,k.37.1.1
1svx,sv,k.37.1.1
1mj0,mj,k.37.1.1
2qyj,qy,k.37.1.1
2avp,av,k.38.1.1
2fo7,fo,k.38.1.1
1na3,na,k.38.1.1
1na0,na,k.38.1.1
1pbz,pb,k.39.1.1
1pyz,py,k.39.1.1
1vl3,vl,k.39.1.1
1s9z,s9,k.40.1.1
1hqj,hq,k.40.1.1
1kyc,ky,k.40.1.1
1coi,co,k.40.1.1
1qys,qy,k.41.1.1
2jvf,jv,k.41.1.1
1uw1,uw,k.42.1.1
1vjq,vj,k.43.1.1
1tjb,tj,k.44.1.1
1yj1,yj,k.45.1.1
1yiw,yi,k.45.1.1
2fcs,fc,k.45.1.1
2fcn,fc,k.45.1.1
2fcm,fc,k.45.1.1
2fcq,fc,k.45.1.1
2cw1,cw,k.46.1.1
4hs1,hs,l.1.1.1
4f19,f1,l.1.1.1
4f18,f1,l.1.1.1
1mj5,mj,l.1.1.1
4k8m,k8,l.1.1.1
3g63,g6,l.1.1.1
2cws,cw,l.1.1.1
3g62,g6,l.1.1.1
4f1u,f1,l.1.1.1
4aff,af,l.1.1.1
4e9s,e9,l.1.1.1
1zl0,zl,l.1.1.1
2axw,ax,l.1.1.1
4f1v,f1,l.1.1.1
5hbs,hb,l.1.1.1
4q9w,q9,l.1.1.1
2fhl,fh,l.1.1.1
6b00,b0,l.1.1.1
3uad,ua,l.1.1.1
5ig6,ig,l.1.1.1
2fwg,fw,l.1.1.1
5br4,br,l.1.1.1
2of8,of,l.1.1.1
6tj8,tj,l.1.1.1
6zat,za,l.1.1.1
6eqe,eq,l.1.1.1
4bj0,bj,l.1.1.1
6hn3,hn,l.1.1.1
2bzv,bz,l.1.1.1
5dk1,dk,l.1.1.1
3awu,aw,l.1.1.1
2xwv,xw,l.1.1.1
4n6x,n6,l.1.1.1
3g9x,g9,l.1.1.1
6tj9,tj,l.1.1.1
4f5z,f5,l.1.1.1
3p74,p7,l.1.1.1
2xbp,xb,l.1.1.1
4n0k,n0,l.1.1.1
1vfy,vf,l.1.1.1
4yeo,ye,l.1.1.1
3fwh,fw,l.1.1.1
6ywh,yw,l.1.1.1
4mij,mi,l.1.1.1
5flk,fl,l.1.1.1
2ofb,of,l.1.1.1
1uwc,uw,l.1.1.1
3rlt,rl,l.1.1.1
2xa5,xa,l.1.1.1
4bpf,bp,l.1.1.1
3awx,aw,l.1.1.1
6zar,za,l.1.1.1
7cts,ct,l.1.1.1
2q3g,q3,l.1.1.1
4cqh,cq,l.1.1.1
6yv5,yv,l.1.1.1
1wxc,wx,l.1.1.1
3aws,aw,l.1.1.1
1mf7,mf,l.1.1.1
4q0h,q0,l.1.1.1
3rof,ro,l.1.1.1
2wnx,wn,l.1.1.1
2rct,rc,l.1.1.1
4uhc,uh,l.1.1.1
6ywi,yw,l.1.1.1
6xyf,xy,l.1.1.1
6cw7,cw,l.1.1.1
4lmm,lm,l.1.1.1
4ny6,ny,l.1.1.1
4e9r,e9,l.1.1.1
4e9q,e9,l.1.1.1
4e9t,e9,l.1.1.1
3oig,oi,l.1.1.1
4plz,pl,l.1.1.1
2c71,c7,l.1.1.1
2iyv,iy,l.1.1.1
5mxc,mx,l.1.1.1
6f9o,f9,l.1.1.1
3uab,ua,l.1.1.1
3uac,ua,l.1.1.1
3uae,ua,l.1.1.1
6rjc,rj,l.1.1.1
3hlx,hl,l.1.1.1
4n6k,n6,l.1.1.1
2j9c,j9,l.1.1.1
1xju,xj,l.1.1.1
4uhd,uh,l.1.1.1
2fwf,fw,l.1.1.1
1gwm,gw,l.1.1.1
2iwn,iw,l.1.1.1
1tu9,tu,l.1.1.1
2yd6,yd,l.1.1.1
1wb4,wb,l.1.1.1
4hi7,hi,l.1.1.1
4jl7,jl,l.1.1.1
1wb6,wb,l.1.1.1
4f3j,f3,l.1.1.1
4uhf,uh,l.1.1.1
1yj1,yj,l.1.1.1
1wb5,wb,l.1.1.1
6zav,za,l.1.1.1
6mz3,mz,l.1.1.1
2xrw,xr,l.1.1.1
2y6h,y6,l.1.1.1
3p62,p6,l.1.1.1
6fiy,fi,l.1.1.1
6nz8,nz,l.1.1.1
7k3i,k3,l.1.1.1
3a9b,a9,l.1.1.1
6g7n,g7,l.1.1.1
6xym,xy,l.1.1.1
6sbn,sb,l.1.1.1
2zwg,zw,l.1.1.1
2jik,ji,l.1.1.1
5an7,an,l.1.1.1
3ct6,ct,l.1.1.1
5aou,ao,l.1.1.1
4tyf,ty,l.1.1.1
4m1v,m1,l.1.1.1
5e7b,e7,l.1.1.1
2zmx,zm,l.1.1.1
2os0,os,l.1.1.1
1yfq,yf,l.1.1.1
6ysk,ys,l.1.1.1
3nyd,ny,l.1.1.1
6z4t,z4,l.1.1.1
2gzv,gz,l.1.1.1
3s7o,s7,l.1.1.1
4cxp,cx,l.1.1.1
2zwe,zw,l.1.1.1
2he4,he,l.1.1.1
2zwd,zw,l.1.1.1
3awt,aw,l.1.1.1
2q9t,q9,l.1.1.1
6cxk,cx,l.1.1.1
1u7i,u7,l.1.1.1
5zrq,zr,l.1.1.1
3aww,aw,l.1.1.1
4d6g,d6,l.1.1.1
3gu4,gu,l.1.1.1
4i2u,i2,l.1.1.1
6nj5,nj,l.1.1.1
2of9,of,l.1.1.1
3ax0,ax,l.1.1.1
2pmr,pm,l.1.1.1
2zwf,zw,l.1.1.1
4fzo,fz,l.1.1.1
4q7u,q7,l.1.1.1
3awv,aw,l.1.1.1
1ukf,uk,l.1.1.1
2bv9,bv,l.1.1.1
1wx3,wx,l.1.1.1
2he2,he,l.1.1.1
2c79,c7,l.1.1.1
6r8r,r8,l.1.1.1
2h4a,h4,l.1.1.1
6gpu,gp,l.1.1.1
3ncr,nc,l.1.1.1
2gqw,gq,l.1.1.1
3gp6,gp,l.1.1.1
5z0e,z0,l.1.1.1
5z0d,z0,l.1.1.1
5z0f,z0,l.1.1.1
4fzp,fz,l.1.1.1
3h4t,h4,l.1.1.1
1xsz,xs,l.1.1.1
4jf1,jf,l.1.1.1
2y6l,y6,l.1.1.1
1y8a,y8,l.1.1.1
5z0l,z0,l.1.1.1
1sfx,sf,l.1.1.1
6e5l,e5,l.1.1.1
3vg7,vg,l.1.1.1
2zmz,zm,l.1.1.1
7jwr,jw,l.1.1.1
2uwr,uw,l.1.1.1
7jzs,jz,l.1.1.1
3awz,aw,l.1.1.1
3vog,vo,l.1.1.1
6nj4,nj,l.1.1.1
6zaw,za,l.1.1.1
4ltt,lt,l.1.1.1
6zau,za,l.1.1.1
6zas,za,l.1.1.1
4kaf,ka,l.1.1.1
6m4k,m4,l.1.1.1
5z0h,z0,l.1.1.1
6zvl,zv,l.1.1.1
1wcu,wc,l.1.1.1
2y6g,y6,l.1.1.1
4itk,it,l.1.1.1
2rkq,rk,l.1.1.1
7jo2,jo,l.1.1.1
4k4o,k4,l.1.1.1
5nlu,nl,l.1.1.1
3iar,ia,l.1.1.1
4p82,p8,l.1.1.1
2cbz,cb,l.1.1.1
3r5t,r5,l.1.1.1
6g7q,g7,l.1.1.1
4pa8,pa,l.1.1.1
4ab4,ab,l.1.1.1
3khf,kh,l.1.1.1
4pbh,pb,l.1.1.1
2o23,o2,l.1.1.1
2zmy,zm,l.1.1.1
3ga3,ga,l.1.1.1
2jin,ji,l.1.1.1
2h5p,h5,l.1.1.1
5yns,yn,l.1.1.1
1vh5,vh,l.1.1.1
2rcq,rc,l.1.1.1
6yxi,yx,l.1.1.1
3kda,kd,l.1.1.1
5n4s,n4,l.1.1.1
5h8t,h8,l.1.1.1
3po8,po,l.1.1.1
1pko,pk,l.1.1.1
2a35,a3,l.1.1.1
7jwd,jw,l.1.1.1
6ita,it,l.1.1.1
6fre,fr,l.1.1.1
1gd0,gd,l.1.1.1
1hzt,hz,l.1.1.1
1xg5,xg,l.1.1.1
2ofa,of,l.1.1.1
3wg3,wg,l.1.1.1
2akz,ak,l.1.1.1
4ew1,ew,l.1.1.1
3gu6,gu,l.1.1.1
2rdk,rd,l.1.1.1
2wx9,wx,l.1.1.1
2hqs,hq,l.1.1.1
6yv6,yv,l.1.1.1
3ei9,ei,l.1.1.1
1b0u,b0,l.1.1.1
3fbw,fb,l.1.1.1
2yxw,yx,l.1.1.1
2os1,os,l.1.1.1
3pms,pm,l.1.1.1
6o5i,o5,l.1.1.1
5wl1,wl,l.1.1.1
3g91,g9,l.1.1.1
1v30,v3,l.1.1.1
2w5a,w5,l.1.1.1
1ln4,ln,l.1.1.1
7job,jo,l.1.1.1
3sf8,sf,l.1.1.1
4xfe,xf,l.1.1.1
1qw2,qw,l.1.1.1
7n63,n6,l.1.1.1
3nz1,nz,l.1.1.1
4hak,ha,l.1.1.1
1sh8,sh,l.1.1.1
1gkk,gk,l.1.1.1
2j9e,j9,l.1.1.1
3pcx,pc,l.1.1.1
4hal,ha,l.1.1.1
3b50,b5,l.1.1.1
2zbx,zb,l.1.1.1
7joc,jo,l.1.1.1
2wi8,wi,l.1.1.1
6fz9,fz,l.1.1.1
2rei,re,l.1.1.1
6xru,xr,l.1.1.1
1xkg,xk,l.1.1.1
6y7a,y7,l.1.1.1
2ntt,nt,l.1.1.1
1m2k,m2,l.1.1.1
2a4x,a4,l.1.1.1
3ur8,ur,l.1.1.1
1sxr,sx,l.1.1.1
4e46,e4,l.1.1.1
2fwe,fw,l.1.1.1
3pme,pm,l.1.1.1
4fwb,fw,l.1.1.1
5dqb,dq,l.1.1.1
3dou,do,l.1.1.1
1u4o,u4,l.1.1.1
1wx4,wx,l.1.1.1
3ida,id,l.1.1.1
1na5,na,l.1.1.1
6h75,h7,l.1.1.1
3ei8,ei,l.1.1.1
4jex,je,l.1.1.1
6fl2,fl,l.1.1.1
1zke,zk,l.1.1.1
4i2t,i2,l.1.1.1
3eko,ek,l.1.1.1
6lfw,lf,l.1.1.1
4ohj,oh,l.1.1.1
6xrk,xr,l.1.1.1
1ur1,ur,l.1.1.1
6qp1,qp,l.1.1.1
1pzg,pz,l.1.1.1
6np9,np,l.1.1.1
5z0k,z0,l.1.1.1
6zbq,zb,l.1.1.1
6ilx,il,l.1.1.1
2qo5,qo,l.1.1.1
